# loanlens-api — 2026-10-07T15:41:02.616Z — TEST_ENV=local — node v26.7.0


Feature: LoanLens API - EMI calculator (GET /api/emi)

  @api-app @api
  Scenario Outline: EMI for 2500000 at 10% over 10 years                                                          # loanlens-api/features/emi.feature:19

  @api-app @api
  Scenario Outline: EMI for 1000 at 10% over 12 months                                                          # loanlens-api/features/emi.feature:23

  @api-app @api
  Scenario Outline: EMI for 100000000 at 8.5% over 240 months                                                          # loanlens-api/features/emi.feature:24

  @api-app @api
  Scenario Outline: EMI for 500000 at 0.01% over 36 months                                                          # loanlens-api/features/emi.feature:25
    ✔ Given the LoanLens API is up                                                                              # loanlens-api/steps/loanlens-api.steps.ts:50
    ✔ Given the LoanLens API is up                                                                                  # loanlens-api/steps/loanlens-api.steps.ts:50
    ✔ Given the LoanLens API is up                                                                                # loanlens-api/steps/loanlens-api.steps.ts:50
    ✔ Given the LoanLens API is up                                                                                     # loanlens-api/steps/loanlens-api.steps.ts:50

          GET http://localhost:5056/api/emi?principal=2500000&rate=10&tenure=10&tenureUnit=years&startMonth=2026-10 -> 200 OK (2 ms)
          {"data":{"inputs":{"principal":2500000,"rate":10,"tenureMonths":120,"startMonth":"2026-10"},"emi":33037.68,"totalInterest":1464522.11,"totalPayment":3964522.11,"schedule":[{"year":2026,"payments":3,"principal":36919.01,"interest":62194.04,"totalPayment":99113.05,"closingBalance":2463080.99},{"year":2027,"payments":12,"principal":157220.5,"interest":239231.71,"totalPayment":396452.21,"closingBalance":2305860.49},{"year":2028,"payments":12,"principal":173683.55,"interest":222768.66,"totalPayment":396452.21,"closingBalance":2132176.94},{"year":2029,"payments":12,"principal":191870.48,"interest":2

    ✔ When I send a GET request to "/emi?principal=2500000&rate=10&tenure=10&tenureUnit=years&startMonth=2026-10" # loanlens-api/steps/loanlens-api.steps.ts:55

          GET http://localhost:5056/api/emi?principal=1000&rate=10&tenure=12&tenureUnit=months&startMonth=2026-01 -> 200 OK (4 ms)
          {"data":{"inputs":{"principal":1000,"rate":10,"tenureMonths":12,"startMonth":"2026-01"},"emi":87.92,"totalInterest":54.99,"totalPayment":1054.99,"schedule":[{"year":2026,"payments":12,"principal":1000,"interest":54.99,"totalPayment":1054.99,"closingBalance":0}]}}

    ✔ When I send a GET request to "/emi?principal=1000&rate=10&tenure=12&tenureUnit=months&startMonth=2026-01" # loanlens-api/steps/loanlens-api.steps.ts:55

          GET http://localhost:5056/api/emi?principal=100000000&rate=8.5&tenure=240&tenureUnit=months&startMonth=2026-12 -> 200 OK (2 ms)
          {"data":{"inputs":{"principal":100000000,"rate":8.5,"tenureMonths":240,"startMonth":"2026-12"},"emi":867823.23,"totalInterest":108277576.01,"totalPayment":208277576.01,"schedule":[{"year":2026,"payments":1,"principal":159489.9,"interest":708333.33,"totalPayment":867823.23,"closingBalance":99840510.1},{"year":2027,"payments":12,"principal":2004326.64,"interest":8409552.16,"totalPayment":10413878.8,"closingBalance":97836183.46},{"year":2028,"payments":12,"principal":2181490.89,"interest":8232387.91,"totalPayment":10413878.8,"closingBalance":95654692.56},{"year":2029,"payments":12,"principal":237

    ✔ When I send a GET request to "/emi?principal=100000000&rate=8.5&tenure=240&tenureUnit=months&startMonth=2026-12" # loanlens-api/steps/loanlens-api.steps.ts:55

          GET http://localhost:5056/api/emi?principal=500000&rate=0.01&tenure=36&tenureUnit=months&startMonth=2026-04 -> 200 OK (3 ms)
          {"data":{"inputs":{"principal":500000,"rate":0.01,"tenureMonths":36,"startMonth":"2026-04"},"emi":13891.03,"totalInterest":77.09,"totalPayment":500077.09,"schedule":[{"year":2026,"payments":9,"principal":124985.94,"interest":33.33,"totalPayment":125019.27,"closingBalance":375014.06},{"year":2027,"payments":12,"principal":166662.5,"interest":29.86,"totalPayment":166692.36,"closingBalance":208351.56},{"year":2028,"payments":12,"principal":166679.17,"interest":13.2,"totalPayment":166692.36,"closingBalance":41672.4},{"year":2029,"payments":3,"principal":41672.4,"interest":0.69,"totalPayment":41673

    ✔ When I send a GET request to "/emi?principal=500000&rate=0.01&tenure=36&tenureUnit=months&startMonth=2026-04" # loanlens-api/steps/loanlens-api.steps.ts:55
    ✔ Then the response status should be 200                                                                      # framework/steps/common-api.steps.ts:24
    ✔ Then the response status should be 200                                                                    # framework/steps/common-api.steps.ts:24
    ✔ Then the response status should be 200                                                                        # framework/steps/common-api.steps.ts:24
    ✔ Then the response status should be 200                                                                           # framework/steps/common-api.steps.ts:24
    ✔ And the response should match the "emi" schema                                                              # loanlens-api/steps/loanlens-api.steps.ts:15

          Independently computed
          {
            "emi": 33037.684220440475,
            "totalPayment": 3964522.106452857,
            "totalInterest": 1464522.1064528571,
            "principalShare": 0.6305930280804521,
            "interestShare": 0.3694069719195478
          }

    ✔ And the EMI figures should match my own calculation                                                         # loanlens-api/steps/loanlens-api.steps.ts:194
    ✔ And the response should match the "emi" schema                                                            # loanlens-api/steps/loanlens-api.steps.ts:15

          Independently computed
          {
            "emi": 87.91588723000987,
            "totalPayment": 1054.9906467601186,
            "totalInterest": 54.99064676011858,
            "principalShare": 0.9478757020936678,
            "interestShare": 0.05212429790633227
          }

    ✔ And the EMI figures should match my own calculation                                                       # loanlens-api/steps/loanlens-api.steps.ts:194
    ✔ And the response should match the "emi" schema                                                                   # loanlens-api/steps/loanlens-api.steps.ts:15
    ✔ And the response should match the "emi" schema                                                                # loanlens-api/steps/loanlens-api.steps.ts:15

          Independently computed
          {
            "emi": 867823.2333655339,
            "totalPayment": 208277576.00772813,
            "totalInterest": 108277576.00772813,
            "principalShare": 0.4801284992691172,
            "interestShare": 0.5198715007308828
          }

    ✔ And the EMI figures should match my own calculation                                                              # loanlens-api/steps/loanlens-api.steps.ts:194
    ✔ And the yearly schedule should match my own amortisation                                                  # loanlens-api/steps/loanlens-api.steps.ts:198

          Independently computed
          {
            "emi": 13891.03019658508,
            "totalPayment": 500077.08707706287,
            "totalInterest": 77.08707706286805,
            "principalShare": 0.9998458496118799,
            "interestShare": 0.00015415038812003953
          }

    ✔ And the EMI figures should match my own calculation                                                           # loanlens-api/steps/loanlens-api.steps.ts:194

  @api-app @api
  Scenario Outline: EMI for 500000 at 50% over 36 months                                                          # loanlens-api/features/emi.feature:26
    ✔ And the yearly schedule should match my own amortisation                                                      # loanlens-api/steps/loanlens-api.steps.ts:198

  @api-app @api
  Scenario Outline: EMI for 5000000 at 8.5% over 1 months                                                          # loanlens-api/features/emi.feature:27
    ✔ Given the LoanLens API is up                                                                                # loanlens-api/steps/loanlens-api.steps.ts:50
    ✔ And the yearly schedule should match my own amortisation                                                    # loanlens-api/steps/loanlens-api.steps.ts:198

          GET http://localhost:5056/api/emi?principal=500000&rate=50&tenure=36&tenureUnit=months&startMonth=2026-04 -> 200 OK (2 ms)
          {"data":{"inputs":{"principal":500000,"rate":50,"tenureMonths":36,"startMonth":"2026-04"},"emi":27056.96,"totalInterest":474050.46,"totalPayment":974050.46,"schedule":[{"year":2026,"payments":9,"principal":66314.82,"interest":177197.8,"totalPayment":243512.62,"closingBalance":433685.18},{"year":2027,"payments":12,"principal":136331.2,"interest":188352.29,"totalPayment":324683.49,"closingBalance":297353.98},{"year":2028,"payments":12,"principal":222505.35,"interest":102178.14,"totalPayment":324683.49,"closingBalance":74848.64},{"year":2029,"payments":3,"principal":74848.64,"interest":6322.24,"t

    ✔ When I send a GET request to "/emi?principal=500000&rate=50&tenure=36&tenureUnit=months&startMonth=2026-04" # loanlens-api/steps/loanlens-api.steps.ts:55
    ✔ Then the response status should be 200                                                                      # framework/steps/common-api.steps.ts:24
    ✔ Given the LoanLens API is up                                                                                 # loanlens-api/steps/loanlens-api.steps.ts:50
    ✔ And the response should match the "emi" schema                                                              # loanlens-api/steps/loanlens-api.steps.ts:15

          Independently computed
          {
            "emi": 27056.95732091152,
            "totalPayment": 974050.4635528147,
            "totalInterest": 474050.4635528147,
            "principalShare": 0.5133204271329718,
            "interestShare": 0.48667957286702823
          }

    ✔ And the EMI figures should match my own calculation                                                         # loanlens-api/steps/loanlens-api.steps.ts:194
    ✔ And the yearly schedule should match my own amortisation                                                    # loanlens-api/steps/loanlens-api.steps.ts:198

          GET http://localhost:5056/api/emi?principal=5000000&rate=8.5&tenure=1&tenureUnit=months&startMonth=2026-07 -> 200 OK (2 ms)
          {"data":{"inputs":{"principal":5000000,"rate":8.5,"tenureMonths":1,"startMonth":"2026-07"},"emi":5035416.67,"totalInterest":35416.67,"totalPayment":5035416.67,"schedule":[{"year":2026,"payments":1,"principal":5000000,"interest":35416.67,"totalPayment":5035416.67,"closingBalance":0}]}}

    ✔ When I send a GET request to "/emi?principal=5000000&rate=8.5&tenure=1&tenureUnit=months&startMonth=2026-07" # loanlens-api/steps/loanlens-api.steps.ts:55

  @api-app @api
  Scenario Outline: EMI for 5000000 at 8.5% over 480 months                                                          # loanlens-api/features/emi.feature:28
    ✔ Then the response status should be 200                                                                       # framework/steps/common-api.steps.ts:24

  @api-app @api
  Scenario Outline: EMI for 750000 at 0% over 24 months                                                          # loanlens-api/features/emi.feature:29
    ✔ And the yearly schedule should match my own amortisation                                                         # loanlens-api/steps/loanlens-api.steps.ts:198
    ✔ And the response should match the "emi" schema                                                               # loanlens-api/steps/loanlens-api.steps.ts:15

          Independently computed
          {
            "emi": 5035416.666666649,
            "totalPayment": 5035416.666666649,
            "totalInterest": 35416.66666664928,
            "principalShare": 0.9929664873810543,
            "interestShare": 0.0070335126189456825
          }

    ✔ And the EMI figures should match my own calculation                                                          # loanlens-api/steps/loanlens-api.steps.ts:194
    ✔ And the yearly schedule should match my own amortisation                                                     # loanlens-api/steps/loanlens-api.steps.ts:198

  @api-app @api
  Scenario Outline: EMI for 300000 at 9.99% over 2.5 years                                                          # loanlens-api/features/emi.feature:30
    ✔ Given the LoanLens API is up                                                                                   # loanlens-api/steps/loanlens-api.steps.ts:50
    ✔ Given the LoanLens API is up                                                                               # loanlens-api/steps/loanlens-api.steps.ts:50

          GET http://localhost:5056/api/emi?principal=5000000&rate=8.5&tenure=480&tenureUnit=months&startMonth=2026-07 -> 200 OK (2 ms)
          {"data":{"inputs":{"principal":5000000,"rate":8.5,"tenureMonths":480,"startMonth":"2026-07"},"emi":36654.7,"totalInterest":12594257.64,"totalPayment":17594257.64,"schedule":[{"year":2026,"payments":6,"principal":7561.01,"interest":212367.21,"totalPayment":219928.22,"closingBalance":4992438.99},{"year":2027,"payments":12,"principal":16117.43,"interest":423739.01,"totalPayment":439856.44,"closingBalance":4976321.56},{"year":2028,"payments":12,"principal":17542.07,"interest":422314.37,"totalPayment":439856.44,"closingBalance":4958779.49},{"year":2029,"payments":12,"principal":19092.63,"interest":

    ✔ When I send a GET request to "/emi?principal=5000000&rate=8.5&tenure=480&tenureUnit=months&startMonth=2026-07" # loanlens-api/steps/loanlens-api.steps.ts:55

          GET http://localhost:5056/api/emi?principal=750000&rate=0&tenure=24&tenureUnit=months&startMonth=2026-06 -> 200 OK (1 ms)
          {"data":{"inputs":{"principal":750000,"rate":0,"tenureMonths":24,"startMonth":"2026-06"},"emi":31250,"totalInterest":0,"totalPayment":750000,"schedule":[{"year":2026,"payments":7,"principal":218750,"interest":0,"totalPayment":218750,"closingBalance":531250},{"year":2027,"payments":12,"principal":375000,"interest":0,"totalPayment":375000,"closingBalance":156250},{"year":2028,"payments":5,"principal":156250,"interest":0,"totalPayment":156250,"closingBalance":0}]}}

    ✔ When I send a GET request to "/emi?principal=750000&rate=0&tenure=24&tenureUnit=months&startMonth=2026-06" # loanlens-api/steps/loanlens-api.steps.ts:55
    ✔ Then the response status should be 200                                                                     # framework/steps/common-api.steps.ts:24
    ✔ And the response should match the "emi" schema                                                             # loanlens-api/steps/loanlens-api.steps.ts:15
    ✔ Then the response status should be 200                                                                         # framework/steps/common-api.steps.ts:24

  @api-app @api
  Scenario Outline: EMI for 100000.55 at 10% over 60 months                                                          # loanlens-api/features/emi.feature:31
    ✔ And the response should match the "emi" schema                                                                 # loanlens-api/steps/loanlens-api.steps.ts:15

          Independently computed
          {
            "emi": 31250,
            "totalPayment": 750000,
            "totalInterest": 0,
            "principalShare": 1,
            "interestShare": 0
          }

    ✔ And the EMI figures should match my own calculation                                                        # loanlens-api/steps/loanlens-api.steps.ts:194
    ✔ Given the LoanLens API is up                                                                                  # loanlens-api/steps/loanlens-api.steps.ts:50

          Independently computed
          {
            "emi": 36654.703414437565,
            "totalPayment": 17594257.63893003,
            "totalInterest": 12594257.63893003,
            "principalShare": 0.2841836298302648,
            "interestShare": 0.7158163701697352
          }

    ✔ And the EMI figures should match my own calculation                                                            # loanlens-api/steps/loanlens-api.steps.ts:194
    ✔ And the yearly schedule should match my own amortisation                                                   # loanlens-api/steps/loanlens-api.steps.ts:198

          GET http://localhost:5056/api/emi?principal=300000&rate=9.99&tenure=2.5&tenureUnit=years&startMonth=2026-01 -> 200 OK (1 ms)
          {"data":{"inputs":{"principal":300000,"rate":9.99,"tenureMonths":30,"startMonth":"2026-01"},"emi":11342.03,"totalInterest":40260.85,"totalPayment":340260.85,"schedule":[{"year":2026,"payments":12,"principal":111131.38,"interest":24972.96,"totalPayment":136104.34,"closingBalance":188868.62},{"year":2027,"payments":12,"principal":122756.11,"interest":13348.23,"totalPayment":136104.34,"closingBalance":66112.51},{"year":2028,"payments":6,"principal":66112.51,"interest":1939.66,"totalPayment":68052.17,"closingBalance":0}]}}

    ✔ When I send a GET request to "/emi?principal=300000&rate=9.99&tenure=2.5&tenureUnit=years&startMonth=2026-01" # loanlens-api/steps/loanlens-api.steps.ts:55
    ✔ Then the response status should be 200                                                                        # framework/steps/common-api.steps.ts:24
    ✔ And the response should match the "emi" schema                                                                # loanlens-api/steps/loanlens-api.steps.ts:15
    ✔ Given the LoanLens API is up                                                                                   # loanlens-api/steps/loanlens-api.steps.ts:50

  @api-app @api
  Scenario Outline: EMI for 100000000 at 50% over 480 months                                                          # loanlens-api/features/emi.feature:36

          Independently computed
          {
            "emi": 11342.028243065024,
            "totalPayment": 340260.8472919507,
            "totalInterest": 40260.84729195072,
            "principalShare": 0.8816765207858132,
            "interestShare": 0.1183234792141868
          }

    ✔ And the EMI figures should match my own calculation                                                           # loanlens-api/steps/loanlens-api.steps.ts:194

          GET http://localhost:5056/api/emi?principal=100000.55&rate=10&tenure=60&tenureUnit=months&startMonth=2026-01 -> 200 OK (1 ms)
          {"data":{"inputs":{"principal":100000.55,"rate":10,"tenureMonths":60,"startMonth":"2026-01"},"emi":2124.72,"totalInterest":27482.42,"totalPayment":127482.97,"schedule":[{"year":2026,"payments":12,"principal":16226.9,"interest":9269.69,"totalPayment":25496.59,"closingBalance":83773.65},{"year":2027,"payments":12,"principal":17926.07,"interest":7570.52,"totalPayment":25496.59,"closingBalance":65847.58},{"year":2028,"payments":12,"principal":19803.16,"interest":5693.43,"totalPayment":25496.59,"closingBalance":46044.42},{"year":2029,"payments":12,"principal":21876.81,"interest":3619.78,"totalPayme

    ✔ When I send a GET request to "/emi?principal=100000.55&rate=10&tenure=60&tenureUnit=months&startMonth=2026-01" # loanlens-api/steps/loanlens-api.steps.ts:55
    ✔ Then the response status should be 200                                                                         # framework/steps/common-api.steps.ts:24
    ✔ And the response should match the "emi" schema                                                                 # loanlens-api/steps/loanlens-api.steps.ts:15
    ✔ And the yearly schedule should match my own amortisation                                                      # loanlens-api/steps/loanlens-api.steps.ts:198

          Independently computed
          {
            "emi": 2124.7161570014246,
            "totalPayment": 127482.96942008547,
            "totalInterest": 27482.41942008547,
            "principalShare": 0.7844228170625315,
            "interestShare": 0.2155771829374685
          }

    ✔ And the EMI figures should match my own calculation                                                            # loanlens-api/steps/loanlens-api.steps.ts:194
    ✔ Given the LoanLens API is up                                                                                    # loanlens-api/steps/loanlens-api.steps.ts:50

  @api-app @api
  Scenario: Across 200 random valid loans, every answer agrees with my own amortisation # loanlens-api/features/emi.feature:40

          GET http://localhost:5056/api/emi?principal=100000000&rate=50&tenure=480&tenureUnit=months&startMonth=2026-01 -> 200 OK (1 ms)
          {"data":{"inputs":{"principal":100000000,"rate":50,"tenureMonths":480,"startMonth":"2026-01"},"emi":4166666.68,"totalInterest":1900000006.18,"totalPayment":2000000006.18,"schedule":[{"year":2026,"payments":12,"principal":0.2,"interest":49999999.96,"totalPayment":50000000.15,"closingBalance":99999999.8},{"year":2027,"payments":12,"principal":0.32,"interest":49999999.84,"totalPayment":50000000.15,"closingBalance":99999999.49},{"year":2028,"payments":12,"principal":0.52,"interest":49999999.63,"totalPayment":50000000.15,"closingBalance":99999998.97},{"year":2029,"payments":12,"principal":0.85,"int

    ✔ When I send a GET request to "/emi?principal=100000000&rate=50&tenure=480&tenureUnit=months&startMonth=2026-01" # loanlens-api/steps/loanlens-api.steps.ts:55
    ✔ Then the response status should be 200                                                                          # framework/steps/common-api.steps.ts:24
    ✔ And the yearly schedule should match my own amortisation                                                       # loanlens-api/steps/loanlens-api.steps.ts:198
    ✔ And the response should match the "emi" schema                                                                  # loanlens-api/steps/loanlens-api.steps.ts:15

          Independently computed
          {
            "emi": 4166666.679548587,
            "totalPayment": 2000000006.183322,
            "totalInterest": 1900000006.183322,
            "principalShare": 0.049999999845416955,
            "interestShare": 0.9500000001545831
          }

    ✔ And the EMI figures should match my own calculation                                                             # loanlens-api/steps/loanlens-api.steps.ts:194

  @api-app @api
  Scenario: Tenure defaults to years and the start month to the current month # loanlens-api/features/emi.feature:44
    ✔ Given the LoanLens API is up                                                      # loanlens-api/steps/loanlens-api.steps.ts:50
    ✔ Given the LoanLens API is up                                            # loanlens-api/steps/loanlens-api.steps.ts:50

          GET http://localhost:5056/api/emi?principal=1000000&rate=12&tenure=5 -> 200 OK (1 ms)
          {"data":{"inputs":{"principal":1000000,"rate":12,"tenureMonths":60,"startMonth":"2026-10"},"emi":22244.45,"totalInterest":334666.86,"totalPayment":1334666.86,"schedule":[{"year":2026,"payments":3,"principal":37101.9,"interest":29631.44,"totalPayment":66733.34,"closingBalance":962898.1},{"year":2027,"payments":12,"principal":159995.69,"interest":106937.68,"totalPayment":266933.37,"closingBalance":802902.4},{"year":2028,"payments":12,"principal":180287.15,"interest":86646.22,"totalPayment":266933.37,"closingBalance":622615.25},{"year":2029,"payments":12,"principal":203152.08,"interest":63781.3,"

    ✔ When I send a GET request to "/emi?principal=1000000&rate=12&tenure=5"  # loanlens-api/steps/loanlens-api.steps.ts:55
    ✔ Then the response status should be 200                                  # framework/steps/common-api.steps.ts:24
    ✔ And the response should match the "emi" schema                          # loanlens-api/steps/loanlens-api.steps.ts:15

          Independently computed
          {
            "emi": 22244.447684901763,
            "totalPayment": 1334666.8610941058,
            "totalInterest": 334666.86109410576,
            "principalShare": 0.7492506401037339,
            "interestShare": 0.2507493598962661
          }

    ✔ And the EMI figures should match my own calculation                     # loanlens-api/steps/loanlens-api.steps.ts:194
    ✔ And the yearly schedule should match my own amortisation                # loanlens-api/steps/loanlens-api.steps.ts:198

  @api-app @api
  Scenario: Missing required parameters are all reported   # loanlens-api/features/emi.feature:51
    ✔ And the yearly schedule should match my own amortisation                                                       # loanlens-api/steps/loanlens-api.steps.ts:198
    ✔ Given the LoanLens API is up                         # loanlens-api/steps/loanlens-api.steps.ts:50

  @api-app @api
  Scenario Outline: Invalid EMI input - empty principal               # loanlens-api/features/emi.feature:68

          GET http://localhost:5056/api/emi?rate=12 -> 400 Bad Request (1 ms)
          {"error":{"code":"VALIDATION_ERROR","message":"One or more query parameters are invalid","details":[{"param":"principal","issue":"missing","message":"\"principal\" is required"},{"param":"tenure","issue":"missing","message":"\"tenure\" is required"}]}}

    ✔ When I send a GET request to "/emi?rate=12"          # loanlens-api/steps/loanlens-api.steps.ts:55
    ✔ Then the response status should be 400               # framework/steps/common-api.steps.ts:24
    ✔ And the response should match the "error" schema     # loanlens-api/steps/loanlens-api.steps.ts:15
    ✔ And the error details should name 2 problems         # loanlens-api/steps/loanlens-api.steps.ts:259
    ✔ Given the LoanLens API is up                                    # loanlens-api/steps/loanlens-api.steps.ts:50
    ✔ And the error should report "principal" as "missing" # framework/steps/common-api.steps.ts:40
    ✔ And the error should report "tenure" as "missing"    # framework/steps/common-api.steps.ts:40

          GET http://localhost:5056/api/emi?principal=&rate=10&tenure=5 -> 400 Bad Request (1 ms)
          {"error":{"code":"VALIDATION_ERROR","message":"One or more query parameters are invalid","details":[{"param":"principal","issue":"missing","message":"\"principal\" is required"}]}}

    ✔ When I send a GET request to "/emi?principal=&rate=10&tenure=5" # loanlens-api/steps/loanlens-api.steps.ts:55
    ✔ Then the response status should be 400                          # framework/steps/common-api.steps.ts:24

  @api-app @api
  Scenario Outline: Invalid EMI input - principal below minimum          # loanlens-api/features/emi.feature:69
    ✔ And the response should match the "error" schema                # loanlens-api/steps/loanlens-api.steps.ts:15
    ✔ And the error code should be "VALIDATION_ERROR"                 # framework/steps/common-api.steps.ts:35
    ✔ And the error should report "principal" as "missing"            # framework/steps/common-api.steps.ts:40
    ✔ Given the LoanLens API is up                                       # loanlens-api/steps/loanlens-api.steps.ts:50
    ✔ And the yearly schedule should match my own amortisation                                                        # loanlens-api/steps/loanlens-api.steps.ts:198

  @api-app @api
  Scenario Outline: Invalid EMI input - principal above maximum                # loanlens-api/features/emi.feature:70

          GET http://localhost:5056/api/emi?principal=999&rate=10&tenure=5 -> 400 Bad Request (1 ms)
          {"error":{"code":"VALIDATION_ERROR","message":"One or more query parameters are invalid","details":[{"param":"principal","issue":"out_of_range","message":"\"principal\" must be between 1000 and 100000000","received":999}]}}

    ✔ When I send a GET request to "/emi?principal=999&rate=10&tenure=5" # loanlens-api/steps/loanlens-api.steps.ts:55
    ✔ Then the response status should be 400                             # framework/steps/common-api.steps.ts:24
    ✔ And the response should match the "error" schema                   # loanlens-api/steps/loanlens-api.steps.ts:15

  @api-app @api
  Scenario Outline: Invalid EMI input - negative rate                       # loanlens-api/features/emi.feature:71
    ✔ And the error code should be "VALIDATION_ERROR"                    # framework/steps/common-api.steps.ts:35
    ✔ And the error should report "principal" as "out_of_range"          # framework/steps/common-api.steps.ts:40

  @api-app @api
  Scenario Outline: Invalid EMI input - rate just above 50%                    # loanlens-api/features/emi.feature:72
    ✔ Given the LoanLens API is up                                             # loanlens-api/steps/loanlens-api.steps.ts:50
    ✔ Given the LoanLens API is up                                          # loanlens-api/steps/loanlens-api.steps.ts:50

          GET http://localhost:5056/api/emi?principal=100000001&rate=10&tenure=5 -> 400 Bad Request (1 ms)
          {"error":{"code":"VALIDATION_ERROR","message":"One or more query parameters are invalid","details":[{"param":"principal","issue":"out_of_range","message":"\"principal\" must be between 1000 and 100000000","received":100000001}]}}

    ✔ When I send a GET request to "/emi?principal=100000001&rate=10&tenure=5" # loanlens-api/steps/loanlens-api.steps.ts:55
    ✔ Then the response status should be 400                                   # framework/steps/common-api.steps.ts:24
    ✔ And the response should match the "error" schema                         # loanlens-api/steps/loanlens-api.steps.ts:15
    ✔ Given the LoanLens API is up                                             # loanlens-api/steps/loanlens-api.steps.ts:50
    ✔ And the error code should be "VALIDATION_ERROR"                          # framework/steps/common-api.steps.ts:35

          GET http://localhost:5056/api/emi?principal=100000&rate=-1&tenure=5 -> 400 Bad Request (1 ms)
          {"error":{"code":"VALIDATION_ERROR","message":"One or more query parameters are invalid","details":[{"param":"rate","issue":"out_of_range","message":"\"rate\" must be between 0 and 50","received":-1}]}}

    ✔ When I send a GET request to "/emi?principal=100000&rate=-1&tenure=5" # loanlens-api/steps/loanlens-api.steps.ts:55
    ✔ Then the response status should be 400                                # framework/steps/common-api.steps.ts:24
    ✔ And the error should report "principal" as "out_of_range"                # framework/steps/common-api.steps.ts:40
    ✔ And the response should match the "error" schema                      # loanlens-api/steps/loanlens-api.steps.ts:15

          GET http://localhost:5056/api/emi?principal=100000&rate=50.01&tenure=5 -> 400 Bad Request (1 ms)
          {"error":{"code":"VALIDATION_ERROR","message":"One or more query parameters are invalid","details":[{"param":"rate","issue":"out_of_range","message":"\"rate\" must be between 0 and 50","received":50.01}]}}

    ✔ When I send a GET request to "/emi?principal=100000&rate=50.01&tenure=5" # loanlens-api/steps/loanlens-api.steps.ts:55
    ✔ Then the response status should be 400                                   # framework/steps/common-api.steps.ts:24

  @api-app @api
  Scenario Outline: Invalid EMI input - zero tenure                         # loanlens-api/features/emi.feature:73
    ✔ And the error code should be "VALIDATION_ERROR"                       # framework/steps/common-api.steps.ts:35
    ✔ And the response should match the "error" schema                         # loanlens-api/steps/loanlens-api.steps.ts:15
    ✔ And the error code should be "VALIDATION_ERROR"                          # framework/steps/common-api.steps.ts:35
    ✔ And the error should report "rate" as "out_of_range"                     # framework/steps/common-api.steps.ts:40
    ✔ And the error should report "rate" as "out_of_range"                  # framework/steps/common-api.steps.ts:40

  @api-app @api
  Scenario Outline: Invalid EMI input - fractional months                                       # loanlens-api/features/emi.feature:74

  @api-app @api
  Scenario Outline: Invalid EMI input - unknown tenure unit                                  # loanlens-api/features/emi.feature:75
    ✔ Given the LoanLens API is up                                          # loanlens-api/steps/loanlens-api.steps.ts:50
    ✔ Given the LoanLens API is up                                                              # loanlens-api/steps/loanlens-api.steps.ts:50

          GET http://localhost:5056/api/emi?principal=100000&rate=10&tenure=0 -> 400 Bad Request (1 ms)
          {"error":{"code":"VALIDATION_ERROR","message":"One or more query parameters are invalid","details":[{"param":"tenure","issue":"out_of_range","message":"\"tenure\" must be a whole number of months between 1 and 480 (got 0 months)","received":0}]}}

    ✔ When I send a GET request to "/emi?principal=100000&rate=10&tenure=0" # loanlens-api/steps/loanlens-api.steps.ts:55
    ✔ Then the response status should be 400                                # framework/steps/common-api.steps.ts:24
    ✔ And the response should match the "error" schema                      # loanlens-api/steps/loanlens-api.steps.ts:15
    ✔ And the error code should be "VALIDATION_ERROR"                       # framework/steps/common-api.steps.ts:35

          GET http://localhost:5056/api/emi?principal=100000&rate=10&tenure=2.5&tenureUnit=months -> 400 Bad Request (1 ms)
          {"error":{"code":"VALIDATION_ERROR","message":"One or more query parameters are invalid","details":[{"param":"tenure","issue":"out_of_range","message":"\"tenure\" must be a whole number of months between 1 and 480 (got 2.5 months)","received":2.5}]}}

    ✔ When I send a GET request to "/emi?principal=100000&rate=10&tenure=2.5&tenureUnit=months" # loanlens-api/steps/loanlens-api.steps.ts:55
    ✔ And the error should report "tenure" as "out_of_range"                # framework/steps/common-api.steps.ts:40
    ✔ Given the LoanLens API is up                                                           # loanlens-api/steps/loanlens-api.steps.ts:50
    ✔ Then the response status should be 400                                                    # framework/steps/common-api.steps.ts:24
    ✔ And the response should match the "error" schema                                          # loanlens-api/steps/loanlens-api.steps.ts:15
    ✔ And the error code should be "VALIDATION_ERROR"                                           # framework/steps/common-api.steps.ts:35
    ✔ And the error should report "tenure" as "out_of_range"                                    # framework/steps/common-api.steps.ts:40

  @api-app @api
  Scenario Outline: Invalid EMI input - malformed start month                                  # loanlens-api/features/emi.feature:76

          GET http://localhost:5056/api/emi?principal=100000&rate=10&tenure=5&tenureUnit=weeks -> 400 Bad Request (1 ms)
          {"error":{"code":"VALIDATION_ERROR","message":"One or more query parameters are invalid","details":[{"param":"tenureUnit","issue":"invalid_value","message":"\"tenureUnit\" must be one of: years, months","received":"weeks"}]}}

    ✔ When I send a GET request to "/emi?principal=100000&rate=10&tenure=5&tenureUnit=weeks" # loanlens-api/steps/loanlens-api.steps.ts:55
    ✔ Then the response status should be 400                                                 # framework/steps/common-api.steps.ts:24
    ✔ And the response should match the "error" schema                                       # loanlens-api/steps/loanlens-api.steps.ts:15
    ✔ And the error code should be "VALIDATION_ERROR"                                        # framework/steps/common-api.steps.ts:35

  @api-app @api
  Scenario Outline: Invalid EMI input - start month with a day                                    # loanlens-api/features/emi.feature:77
    ✔ And the error should report "tenureUnit" as "invalid_value"                            # framework/steps/common-api.steps.ts:40
    ✔ Given the LoanLens API is up                                                             # loanlens-api/steps/loanlens-api.steps.ts:50
    ✔ Given the LoanLens API is up                                                                # loanlens-api/steps/loanlens-api.steps.ts:50

  @api-app @api
  Scenario Outline: Invalid EMI input - unknown parameter                         # loanlens-api/features/emi.feature:78

          GET http://localhost:5056/api/emi?principal=100000&rate=10&tenure=5&startMonth=2026-13 -> 400 Bad Request (2 ms)
          {"error":{"code":"VALIDATION_ERROR","message":"One or more query parameters are invalid","details":[{"param":"startMonth","issue":"invalid_type","message":"\"startMonth\" must be a month (YYYY-MM)","received":"2026-13"}]}}

    ✔ When I send a GET request to "/emi?principal=100000&rate=10&tenure=5&startMonth=2026-13" # loanlens-api/steps/loanlens-api.steps.ts:55

          GET http://localhost:5056/api/emi?principal=100000&rate=10&tenure=5&startMonth=2026-10-01 -> 400 Bad Request (2 ms)
          {"error":{"code":"VALIDATION_ERROR","message":"One or more query parameters are invalid","details":[{"param":"startMonth","issue":"invalid_type","message":"\"startMonth\" must be a month (YYYY-MM)","received":"2026-10-01"}]}}

    ✔ When I send a GET request to "/emi?principal=100000&rate=10&tenure=5&startMonth=2026-10-01" # loanlens-api/steps/loanlens-api.steps.ts:55
    ✔ Then the response status should be 400                                                   # framework/steps/common-api.steps.ts:24
    ✔ Then the response status should be 400                                                      # framework/steps/common-api.steps.ts:24
    ✔ And the response should match the "error" schema                                         # loanlens-api/steps/loanlens-api.steps.ts:15
    ✔ And the error code should be "VALIDATION_ERROR"                                          # framework/steps/common-api.steps.ts:35
    ✔ And the response should match the "error" schema                                            # loanlens-api/steps/loanlens-api.steps.ts:15
    ✔ And the error code should be "VALIDATION_ERROR"                                             # framework/steps/common-api.steps.ts:35
    ✔ And the error should report "startMonth" as "invalid_type"                               # framework/steps/common-api.steps.ts:40
    ✔ Given the LoanLens API is up                                                # loanlens-api/steps/loanlens-api.steps.ts:50
    ✔ And the error should report "startMonth" as "invalid_type"                                  # framework/steps/common-api.steps.ts:40

  @api-app @api
  Scenario Outline: Invalid EMI input - negative principal                   # loanlens-api/features/emi.feature:82

          GET http://localhost:5056/api/emi?principal=100000&rate=10&tenure=5&emi=1 -> 400 Bad Request (1 ms)
          {"error":{"code":"VALIDATION_ERROR","message":"One or more query parameters are invalid","details":[{"param":"emi","issue":"unknown_parameter","message":"Unknown query parameter \"emi\". Allowed: principal, rate, tenure, tenureUnit, startMonth"}]}}

    ✔ When I send a GET request to "/emi?principal=100000&rate=10&tenure=5&emi=1" # loanlens-api/steps/loanlens-api.steps.ts:55
    ✔ Then the response status should be 400                                      # framework/steps/common-api.steps.ts:24
    ✔ And the response should match the "error" schema                            # loanlens-api/steps/loanlens-api.steps.ts:15
    ✔ And the error code should be "VALIDATION_ERROR"                             # framework/steps/common-api.steps.ts:35
    ✔ And the error should report "emi" as "unknown_parameter"                    # framework/steps/common-api.steps.ts:40
    ✔ Given the LoanLens API is up                                           # loanlens-api/steps/loanlens-api.steps.ts:50

          GET http://localhost:5056/api/emi?principal=-100000&rate=10&tenure=5 -> 400 Bad Request (1 ms)
          {"error":{"code":"VALIDATION_ERROR","message":"One or more query parameters are invalid","details":[{"param":"principal","issue":"out_of_range","message":"\"principal\" must be between 1000 and 100000000","received":-100000}]}}

    ✔ When I send a GET request to "/emi?principal=-100000&rate=10&tenure=5" # loanlens-api/steps/loanlens-api.steps.ts:55
    ✔ Then the response status should be 400                                 # framework/steps/common-api.steps.ts:24
    ✔ And the response should match the "error" schema                       # loanlens-api/steps/loanlens-api.steps.ts:15
    ✔ And the error code should be "VALIDATION_ERROR"                        # framework/steps/common-api.steps.ts:35

  @api-app @api
  Scenario Outline: Invalid EMI input - principal with a plus sign             # loanlens-api/features/emi.feature:83
    ✔ Given the LoanLens API is up                                             # loanlens-api/steps/loanlens-api.steps.ts:50
    ✔ And the error should report "principal" as "out_of_range"              # framework/steps/common-api.steps.ts:40

  @api-app @api
  Scenario Outline: Invalid EMI input - principal in exponent form       # loanlens-api/features/emi.feature:84

          GET http://localhost:5056/api/emi?principal=%2B100000&rate=10&tenure=5 -> 400 Bad Request (1 ms)
          {"error":{"code":"VALIDATION_ERROR","message":"One or more query parameters are invalid","details":[{"param":"principal","issue":"invalid_type","message":"\"principal\" must be a number","received":"+100000"}]}}

    ✔ When I send a GET request to "/emi?principal=%2B100000&rate=10&tenure=5" # loanlens-api/steps/loanlens-api.steps.ts:55

  @api-app @api
  Scenario Outline: Invalid EMI input - fractions of a paisa                    # loanlens-api/features/emi.feature:85
    ✔ Then the response status should be 400                                   # framework/steps/common-api.steps.ts:24
    ✔ And the response should match the "error" schema                         # loanlens-api/steps/loanlens-api.steps.ts:15
    ✔ And the error code should be "VALIDATION_ERROR"                          # framework/steps/common-api.steps.ts:35
    ✔ And the error should report "principal" as "invalid_type"                # framework/steps/common-api.steps.ts:40

  @api-app @api
  Scenario Outline: Invalid EMI input - principal given twice                                # loanlens-api/features/emi.feature:86
    ✔ Given the LoanLens API is up                                       # loanlens-api/steps/loanlens-api.steps.ts:50
    ✔ Given the LoanLens API is up                                              # loanlens-api/steps/loanlens-api.steps.ts:50

          GET http://localhost:5056/api/emi?principal=1e5&rate=10&tenure=5 -> 400 Bad Request (1 ms)
          {"error":{"code":"VALIDATION_ERROR","message":"One or more query parameters are invalid","details":[{"param":"principal","issue":"invalid_type","message":"\"principal\" must be a number","received":"1e5"}]}}

    ✔ When I send a GET request to "/emi?principal=1e5&rate=10&tenure=5" # loanlens-api/steps/loanlens-api.steps.ts:55
    ✔ Then the response status should be 400                             # framework/steps/common-api.steps.ts:24

          GET http://localhost:5056/api/emi?principal=100000.555&rate=10&tenure=5 -> 400 Bad Request (1 ms)
          {"error":{"code":"VALIDATION_ERROR","message":"One or more query parameters are invalid","details":[{"param":"principal","issue":"invalid_type","message":"\"principal\" must have at most 2 decimal places","received":"100000.555"}]}}

    ✔ When I send a GET request to "/emi?principal=100000.555&rate=10&tenure=5" # loanlens-api/steps/loanlens-api.steps.ts:55
    ✔ Then the response status should be 400                                    # framework/steps/common-api.steps.ts:24
    ✔ Given the LoanLens API is up                                                           # loanlens-api/steps/loanlens-api.steps.ts:50
    ✔ And the response should match the "error" schema                   # loanlens-api/steps/loanlens-api.steps.ts:15
    ✔ And the error code should be "VALIDATION_ERROR"                    # framework/steps/common-api.steps.ts:35
    ✔ And the error should report "principal" as "invalid_type"          # framework/steps/common-api.steps.ts:40
    ✔ And the response should match the "error" schema                          # loanlens-api/steps/loanlens-api.steps.ts:15
    ✔ And the error code should be "VALIDATION_ERROR"                           # framework/steps/common-api.steps.ts:35
    ✔ And the error should report "principal" as "invalid_type"                 # framework/steps/common-api.steps.ts:40

  @api-app @api
  Scenario Outline: Invalid EMI input - rate with a decimal comma            # loanlens-api/features/emi.feature:87

  @api-app @api
  Scenario Outline: Invalid EMI input - negative tenure in years             # loanlens-api/features/emi.feature:88

          GET http://localhost:5056/api/emi?principal=100000&principal=200000&rate=10&tenure=5 -> 400 Bad Request (1 ms)
          {"error":{"code":"VALIDATION_ERROR","message":"One or more query parameters are invalid","details":[{"param":"principal","issue":"duplicate_parameter","message":"\"principal\" may only be given once","received":["100000","200000"]}]}}

    ✔ When I send a GET request to "/emi?principal=100000&principal=200000&rate=10&tenure=5" # loanlens-api/steps/loanlens-api.steps.ts:55
    ✔ Then the response status should be 400                                                 # framework/steps/common-api.steps.ts:24
    ✔ And the response should match the "error" schema                                       # loanlens-api/steps/loanlens-api.steps.ts:15
    ✔ And the error code should be "VALIDATION_ERROR"                                        # framework/steps/common-api.steps.ts:35
    ✔ And the error should report "principal" as "duplicate_parameter"                       # framework/steps/common-api.steps.ts:40

  @api-app @api
  Scenario Outline: A tenure out of range is explained in months, whatever unit was sent: 41 years                # loanlens-api/features/emi.feature:98
    ✔ Given the LoanLens API is up                                           # loanlens-api/steps/loanlens-api.steps.ts:50
    ✔ Given the LoanLens API is up                                           # loanlens-api/steps/loanlens-api.steps.ts:50

          GET http://localhost:5056/api/emi?principal=100000&rate=8,5&tenure=5 -> 400 Bad Request (1 ms)
          {"error":{"code":"VALIDATION_ERROR","message":"One or more query parameters are invalid","details":[{"param":"rate","issue":"invalid_type","message":"\"rate\" must be a number","received":"8,5"}]}}

    ✔ When I send a GET request to "/emi?principal=100000&rate=8,5&tenure=5" # loanlens-api/steps/loanlens-api.steps.ts:55

          GET http://localhost:5056/api/emi?principal=100000&rate=10&tenure=-5 -> 400 Bad Request (1 ms)
          {"error":{"code":"VALIDATION_ERROR","message":"One or more query parameters are invalid","details":[{"param":"tenure","issue":"out_of_range","message":"\"tenure\" must be a whole number of months between 1 and 480 (got -60 months)","received":-5}]}}

    ✔ When I send a GET request to "/emi?principal=100000&rate=10&tenure=-5" # loanlens-api/steps/loanlens-api.steps.ts:55
    ✔ Then the response status should be 400                                 # framework/steps/common-api.steps.ts:24
    ✔ Then the response status should be 400                                 # framework/steps/common-api.steps.ts:24
    ✔ And the response should match the "error" schema                       # loanlens-api/steps/loanlens-api.steps.ts:15
    ✔ And the error code should be "VALIDATION_ERROR"                        # framework/steps/common-api.steps.ts:35
    ✔ And the error should report "tenure" as "out_of_range"                 # framework/steps/common-api.steps.ts:40
    ✔ Given the LoanLens API is up                                                                                # loanlens-api/steps/loanlens-api.steps.ts:50
    ✔ And the response should match the "error" schema                       # loanlens-api/steps/loanlens-api.steps.ts:15
    ✔ And the error code should be "VALIDATION_ERROR"                        # framework/steps/common-api.steps.ts:35
    ✔ And the error should report "rate" as "invalid_type"                   # framework/steps/common-api.steps.ts:40

  @api-app @api
  Scenario Outline: A tenure out of range is explained in months, whatever unit was sent: 481 months              # loanlens-api/features/emi.feature:99

          GET http://localhost:5056/api/emi?principal=100000&rate=10&tenure=41&tenureUnit=years -> 400 Bad Request (1 ms)
          {"error":{"code":"VALIDATION_ERROR","message":"One or more query parameters are invalid","details":[{"param":"tenure","issue":"out_of_range","message":"\"tenure\" must be a whole number of months between 1 and 480 (got 492 months)","received":41}]}}

    ✔ When I send a GET request to "/emi?principal=100000&rate=10&tenure=41&tenureUnit=years"                     # loanlens-api/steps/loanlens-api.steps.ts:55
    ✔ Then the response status should be 400                                                                      # framework/steps/common-api.steps.ts:24
    ✔ And the error should report "tenure" as "out_of_range"                                                      # framework/steps/common-api.steps.ts:40

  @api-app @api
  Scenario Outline: A tenure out of range is explained in months, whatever unit was sent: 0.1 years               # loanlens-api/features/emi.feature:100
    ✔ And the error for "tenure" should say "must be a whole number of months between 1 and 480 (got 492 months)" # framework/steps/common-api.steps.ts:46
    ✔ Given the LoanLens API is up                                                                                # loanlens-api/steps/loanlens-api.steps.ts:50

Feature: LoanLens API - list loans (GET /api/loans)

  @api-app @api
  Scenario Outline: Defaults (page 1, newest) returns exactly the matching loans         # loanlens-api/features/list-loans.feature:20
    ✔ Given the LoanLens API is up                                                                                # loanlens-api/steps/loanlens-api.steps.ts:50

          GET http://localhost:5056/api/emi?principal=100000&rate=10&tenure=481&tenureUnit=months -> 400 Bad Request (1 ms)
          {"error":{"code":"VALIDATION_ERROR","message":"One or more query parameters are invalid","details":[{"param":"tenure","issue":"out_of_range","message":"\"tenure\" must be a whole number of months between 1 and 480 (got 481 months)","received":481}]}}

    ✔ When I send a GET request to "/emi?principal=100000&rate=10&tenure=481&tenureUnit=months"                   # loanlens-api/steps/loanlens-api.steps.ts:55
    ✔ Then the response status should be 400                                                                      # framework/steps/common-api.steps.ts:24
    ✔ And the error should report "tenure" as "out_of_range"                                                      # framework/steps/common-api.steps.ts:40

          GET http://localhost:5056/api/emi?principal=100000&rate=10&tenure=0.1&tenureUnit=years -> 400 Bad Request (1 ms)
          {"error":{"code":"VALIDATION_ERROR","message":"One or more query parameters are invalid","details":[{"param":"tenure","issue":"out_of_range","message":"\"tenure\" must be a whole number of months between 1 and 480 (got 1.2 months)","received":0.1}]}}

    ✔ When I send a GET request to "/emi?principal=100000&rate=10&tenure=0.1&tenureUnit=years"                    # loanlens-api/steps/loanlens-api.steps.ts:55
    ✔ Then the response status should be 400                                                                      # framework/steps/common-api.steps.ts:24
    ✔ And the error for "tenure" should say "must be a whole number of months between 1 and 480 (got 481 months)" # framework/steps/common-api.steps.ts:46
    ✔ And the error should report "tenure" as "out_of_range"                                                      # framework/steps/common-api.steps.ts:40
    ✔ Given the LoanLens API is up                                                       # loanlens-api/steps/loanlens-api.steps.ts:50

  @api-app @api
  Scenario Outline: Filter by one type returns exactly the matching loans                # loanlens-api/features/list-loans.feature:21
    ✔ And the error for "tenure" should say "must be a whole number of months between 1 and 480 (got 1.2 months)" # framework/steps/common-api.steps.ts:46

  @api-app @api
  Scenario Outline: Filter by one status returns exactly the matching loans              # loanlens-api/features/list-loans.feature:22

          GET http://localhost:5056/api/loans -> 200 OK (6 ms)
          {"data":[{"id":"LN-1075","borrower":"Karan Joshi","type":"education","amount":2200000,"rate":12.7,"tenureMonths":84,"disbursedOn":"2025-09-24","status":"active","city":"Hyderabad","emi":39664.38},{"id":"LN-1045","borrower":"Kabir Malhotra","type":"personal","amount":1570000,"rate":17.1,"tenureMonths":12,"disbursedOn":"2025-09-21","status":"pending","city":"Delhi","emi":143265.98},{"id":"LN-1117","borrower":"Pooja Chopra","type":"car","amount":1630000,"rate":9.4,"tenureMonths":84,"disbursedOn":"2025-09-13","status":"active","city":"Mumbai","emi":26557.29},{"id":"LN-1047","borrower":"Ishaan Pill

    ✔ When I send a GET request to "/loans"                                              # loanlens-api/steps/loanlens-api.steps.ts:55
    ✔ Then the response status should be 200                                             # framework/steps/common-api.steps.ts:24
    ✔ Given the LoanLens API is up                                                       # loanlens-api/steps/loanlens-api.steps.ts:50
    ✔ Given the LoanLens API is up                                                       # loanlens-api/steps/loanlens-api.steps.ts:50
    ✔ And the response should match the "loan list" schema                               # loanlens-api/steps/loanlens-api.steps.ts:15

          GET http://localhost:5056/api/loans?status=overdue -> 200 OK (1 ms)
          {"data":[{"id":"LN-1085","borrower":"Meera Bose","type":"personal","amount":130000,"rate":15.5,"tenureMonths":36,"disbursedOn":"2025-06-29","status":"overdue","city":"Hyderabad","emi":4538.39},{"id":"LN-1029","borrower":"Kavya Chopra","type":"personal","amount":800000,"rate":11.9,"tenureMonths":60,"disbursedOn":"2025-03-29","status":"overdue","city":"Chennai","emi":17755.16},{"id":"LN-1016","borrower":"Saanvi Mehta","type":"home","amount":2100000,"rate":8.95,"tenureMonths":360,"disbursedOn":"2024-07-31","status":"overdue","city":"Chennai","emi":16821.58},{"id":"LN-1102","borrower":"Diya Saxena

    ✔ When I send a GET request to "/loans?status=overdue"                               # loanlens-api/steps/loanlens-api.steps.ts:55
    ✔ Then the response status should be 200                                             # framework/steps/common-api.steps.ts:24

          GET http://localhost:5056/api/loans?type=home -> 200 OK (1 ms)
          {"data":[{"id":"LN-1047","borrower":"Ishaan Pillai","type":"home","amount":11900000,"rate":8.95,"tenureMonths":180,"disbursedOn":"2025-09-10","status":"active","city":"Jaipur","emi":120344.03},{"id":"LN-1084","borrower":"Neha Mehta","type":"home","amount":9300000,"rate":9.65,"tenureMonths":300,"disbursedOn":"2025-08-31","status":"active","city":"Delhi","emi":82225.6},{"id":"LN-1103","borrower":"Tara Chopra","type":"home","amount":9000000,"rate":7.75,"tenureMonths":360,"disbursedOn":"2025-08-28","status":"closed","city":"Hyderabad","emi":64477.1},{"id":"LN-1006","borrower":"Arjun Mehta","type":

    ✔ When I send a GET request to "/loans?type=home"                                    # loanlens-api/steps/loanlens-api.steps.ts:55
    ✔ Then the response status should be 200                                             # framework/steps/common-api.steps.ts:24

          Oracle: 120 matching loans; page ids LN-1075, LN-1045, LN-1117, LN-1047, LN-1084, LN-1103, LN-1006, LN-1033, LN-1081, LN-1106

    ✔ And the response should contain exactly the loans the loan book has for that query # loanlens-api/steps/loanlens-api.steps.ts:71
    ✔ And the response should match the "loan list" schema                               # loanlens-api/steps/loanlens-api.steps.ts:15
    ✔ And the response should match the "loan list" schema                               # loanlens-api/steps/loanlens-api.steps.ts:15

          Oracle: 7 matching loans; page ids LN-1085, LN-1029, LN-1016, LN-1102, LN-1095, LN-1116, LN-1063

    ✔ And the response should contain exactly the loans the loan book has for that query # loanlens-api/steps/loanlens-api.steps.ts:71

  @api-app @api
  Scenario Outline: Filter by city returns exactly the matching loans                    # loanlens-api/features/list-loans.feature:23

          Oracle: 39 matching loans; page ids LN-1047, LN-1084, LN-1103, LN-1006, LN-1033, LN-1043, LN-1061, LN-1083, LN-1058, LN-1035

    ✔ And the response should contain exactly the loans the loan book has for that query # loanlens-api/steps/loanlens-api.steps.ts:71

  @api-app @api
  Scenario Outline: Minimum amount only returns exactly the matching loans               # loanlens-api/features/list-loans.feature:24

  @api-app @api
  Scenario Outline: Rate band, both edges on a loan returns exactly the matching loans   # loanlens-api/features/list-loans.feature:25
    ✔ Given the LoanLens API is up                                                       # loanlens-api/steps/loanlens-api.steps.ts:50
    ✔ Given the LoanLens API is up                                                       # loanlens-api/steps/loanlens-api.steps.ts:50
    ✔ Given the LoanLens API is up                                                       # loanlens-api/steps/loanlens-api.steps.ts:50

          GET http://localhost:5056/api/loans?city=Mumbai -> 200 OK (1 ms)
          {"data":[{"id":"LN-1117","borrower":"Pooja Chopra","type":"car","amount":1630000,"rate":9.4,"tenureMonths":84,"disbursedOn":"2025-09-13","status":"active","city":"Mumbai","emi":26557.29},{"id":"LN-1006","borrower":"Arjun Mehta","type":"home","amount":3400000,"rate":8.2,"tenureMonths":300,"disbursedOn":"2025-07-26","status":"closed","city":"Mumbai","emi":26693.8},{"id":"LN-1025","borrower":"Riya Rao","type":"personal","amount":2260000,"rate":13,"tenureMonths":36,"disbursedOn":"2025-05-22","status":"active","city":"Mumbai","emi":76148.33},{"id":"LN-1087","borrower":"Siddharth Rao","type":"person

    ✔ When I send a GET request to "/loans?city=Mumbai"                                  # loanlens-api/steps/loanlens-api.steps.ts:55
    ✔ Then the response status should be 200                                             # framework/steps/common-api.steps.ts:24

          GET http://localhost:5056/api/loans?minAmount=5000000 -> 200 OK (1 ms)
          {"data":[{"id":"LN-1047","borrower":"Ishaan Pillai","type":"home","amount":11900000,"rate":8.95,"tenureMonths":180,"disbursedOn":"2025-09-10","status":"active","city":"Jaipur","emi":120344.03},{"id":"LN-1084","borrower":"Neha Mehta","type":"home","amount":9300000,"rate":9.65,"tenureMonths":300,"disbursedOn":"2025-08-31","status":"active","city":"Delhi","emi":82225.6},{"id":"LN-1103","borrower":"Tara Chopra","type":"home","amount":9000000,"rate":7.75,"tenureMonths":360,"disbursedOn":"2025-08-28","status":"closed","city":"Hyderabad","emi":64477.1},{"id":"LN-1033","borrower":"Diya Verma","type":"

    ✔ When I send a GET request to "/loans?minAmount=5000000"                            # loanlens-api/steps/loanlens-api.steps.ts:55

          GET http://localhost:5056/api/loans?minRate=8.95&maxRate=10 -> 200 OK (1 ms)
          {"data":[{"id":"LN-1117","borrower":"Pooja Chopra","type":"car","amount":1630000,"rate":9.4,"tenureMonths":84,"disbursedOn":"2025-09-13","status":"active","city":"Mumbai","emi":26557.29},{"id":"LN-1047","borrower":"Ishaan Pillai","type":"home","amount":11900000,"rate":8.95,"tenureMonths":180,"disbursedOn":"2025-09-10","status":"active","city":"Jaipur","emi":120344.03},{"id":"LN-1084","borrower":"Neha Mehta","type":"home","amount":9300000,"rate":9.65,"tenureMonths":300,"disbursedOn":"2025-08-31","status":"active","city":"Delhi","emi":82225.6},{"id":"LN-1083","borrower":"Siddharth Pillai","type"

    ✔ When I send a GET request to "/loans?minRate=8.95&maxRate=10"                      # loanlens-api/steps/loanlens-api.steps.ts:55
    ✔ And the response should match the "loan list" schema                               # loanlens-api/steps/loanlens-api.steps.ts:15
    ✔ Then the response status should be 200                                             # framework/steps/common-api.steps.ts:24
    ✔ Then the response status should be 200                                             # framework/steps/common-api.steps.ts:24
    ✔ And the response should match the "loan list" schema                               # loanlens-api/steps/loanlens-api.steps.ts:15

          Oracle: 14 matching loans; page ids LN-1117, LN-1006, LN-1025, LN-1087, LN-1076, LN-1020, LN-1066, LN-1112, LN-1067, LN-1113

    ✔ And the response should contain exactly the loans the loan book has for that query # loanlens-api/steps/loanlens-api.steps.ts:71
    ✔ And the response should match the "loan list" schema                               # loanlens-api/steps/loanlens-api.steps.ts:15

          Oracle: 28 matching loans; page ids LN-1047, LN-1084, LN-1103, LN-1033, LN-1043, LN-1061, LN-1058, LN-1069, LN-1055, LN-1115

    ✔ And the response should contain exactly the loans the loan book has for that query # loanlens-api/steps/loanlens-api.steps.ts:71

          Oracle: 24 matching loans; page ids LN-1117, LN-1047, LN-1084, LN-1083, LN-1097, LN-1055, LN-1115, LN-1066, LN-1016, LN-1012

    ✔ And the response should contain exactly the loans the loan book has for that query # loanlens-api/steps/loanlens-api.steps.ts:71

  @api-app @api
  Scenario Outline: Date window, both edges on a loan returns exactly the matching loans    # loanlens-api/features/list-loans.feature:26

  @api-app @api
  Scenario Outline: Equal min and max amount returns exactly the matching loans          # loanlens-api/features/list-loans.feature:27

  @api-app @api
  Scenario Outline: Search is case-insensitive returns exactly the matching loans        # loanlens-api/features/list-loans.feature:28
    ✔ Given the LoanLens API is up                                                          # loanlens-api/steps/loanlens-api.steps.ts:50
    ✔ Given the LoanLens API is up                                                       # loanlens-api/steps/loanlens-api.steps.ts:50
    ✔ Given the LoanLens API is up                                                       # loanlens-api/steps/loanlens-api.steps.ts:50

          GET http://localhost:5056/api/loans?disbursedFrom=2024-01-01&disbursedTo=2024-12-12 -> 200 OK (1 ms)
          {"data":[{"id":"LN-1013","borrower":"Riya Iyer","type":"personal","amount":1120000,"rate":10.9,"tenureMonths":24,"disbursedOn":"2024-12-12","status":"active","city":"Bengaluru","emi":52148.8},{"id":"LN-1010","borrower":"Diya Bose","type":"car","amount":830000,"rate":11.75,"tenureMonths":84,"disbursedOn":"2024-12-03","status":"active","city":"Pune","emi":14541.03},{"id":"LN-1076","borrower":"Riya Saxena","type":"personal","amount":1750000,"rate":17.8,"tenureMonths":36,"disbursedOn":"2024-11-30","status":"active","city":"Mumbai","emi":63091.25},{"id":"LN-1115","borrower":"Saanvi Chopra","type":"

    ✔ When I send a GET request to "/loans?disbursedFrom=2024-01-01&disbursedTo=2024-12-12" # loanlens-api/steps/loanlens-api.steps.ts:55
    ✔ Then the response status should be 200                                                # framework/steps/common-api.steps.ts:24

          GET http://localhost:5056/api/loans?minAmount=1560000&maxAmount=1560000 -> 200 OK (1 ms)
          {"data":[{"id":"LN-1001","borrower":"Meera Verma","type":"car","amount":1560000,"rate":11.8,"tenureMonths":84,"disbursedOn":"2023-03-22","status":"active","city":"Hyderabad","emi":27371.69}],"meta":{"page":1,"pageSize":10,"total":1,"totalPages":1,"sort":"-disbursedOn","filters":{"minAmount":1560000,"maxAmount":1560000}}}

    ✔ When I send a GET request to "/loans?minAmount=1560000&maxAmount=1560000"          # loanlens-api/steps/loanlens-api.steps.ts:55
    ✔ And the response should match the "loan list" schema                                  # loanlens-api/steps/loanlens-api.steps.ts:15
    ✔ Then the response status should be 200                                             # framework/steps/common-api.steps.ts:24

          GET http://localhost:5056/api/loans?q=SHARMA -> 200 OK (1 ms)
          {"data":[{"id":"LN-1062","borrower":"Arjun Sharma","type":"home","amount":3800000,"rate":7.6,"tenureMonths":180,"disbursedOn":"2024-08-11","status":"active","city":"Delhi","emi":35442.76},{"id":"LN-1028","borrower":"Diya Sharma","type":"personal","amount":1490000,"rate":10.6,"tenureMonths":12,"disbursedOn":"2023-11-09","status":"active","city":"Bengaluru","emi":131410.83},{"id":"LN-1063","borrower":"Saanvi Sharma","type":"personal","amount":1870000,"rate":15.5,"tenureMonths":48,"disbursedOn":"2023-04-10","status":"overdue","city":"Jaipur","emi":52518.69}],"meta":{"page":1,"pageSize":10,"total"

    ✔ When I send a GET request to "/loans?q=SHARMA"                                     # loanlens-api/steps/loanlens-api.steps.ts:55

          Oracle: 47 matching loans; page ids LN-1013, LN-1010, LN-1076, LN-1115, LN-1091, LN-1096, LN-1037, LN-1052, LN-1109, LN-1020

    ✔ And the response should contain exactly the loans the loan book has for that query    # loanlens-api/steps/loanlens-api.steps.ts:71
    ✔ And the response should match the "loan list" schema                               # loanlens-api/steps/loanlens-api.steps.ts:15
    ✔ Then the response status should be 200                                             # framework/steps/common-api.steps.ts:24
    ✔ And the response should match the "loan list" schema                               # loanlens-api/steps/loanlens-api.steps.ts:15

          Oracle: 1 matching loans; page ids LN-1001

    ✔ And the response should contain exactly the loans the loan book has for that query # loanlens-api/steps/loanlens-api.steps.ts:71

          Oracle: 3 matching loans; page ids LN-1062, LN-1028, LN-1063

    ✔ And the response should contain exactly the loans the loan book has for that query # loanlens-api/steps/loanlens-api.steps.ts:71

  @api-app @api
  Scenario Outline: Search by loan id fragment returns exactly the matching loans        # loanlens-api/features/list-loans.feature:29

  @api-app @api
  Scenario Outline: Multi-value type and status returns exactly the matching loans       # loanlens-api/features/list-loans.feature:33

  @api-app @api
  Scenario Outline: Repeated type parameter is merged returns exactly the matching loans # loanlens-api/features/list-loans.feature:34
    ✔ Given the LoanLens API is up                                                       # loanlens-api/steps/loanlens-api.steps.ts:50
    ✔ Given the LoanLens API is up                                                       # loanlens-api/steps/loanlens-api.steps.ts:50
    ✔ Given the LoanLens API is up                                                       # loanlens-api/steps/loanlens-api.steps.ts:50

          GET http://localhost:5056/api/loans?type=home,car&status=active -> 200 OK (1 ms)
          {"data":[{"id":"LN-1117","borrower":"Pooja Chopra","type":"car","amount":1630000,"rate":9.4,"tenureMonths":84,"disbursedOn":"2025-09-13","status":"active","city":"Mumbai","emi":26557.29},{"id":"LN-1047","borrower":"Ishaan Pillai","type":"home","amount":11900000,"rate":8.95,"tenureMonths":180,"disbursedOn":"2025-09-10","status":"active","city":"Jaipur","emi":120344.03},{"id":"LN-1084","borrower":"Neha Mehta","type":"home","amount":9300000,"rate":9.65,"tenureMonths":300,"disbursedOn":"2025-08-31","status":"active","city":"Delhi","emi":82225.6},{"id":"LN-1033","borrower":"Diya Verma","type":"home

    ✔ When I send a GET request to "/loans?type=home,car&status=active"                  # loanlens-api/steps/loanlens-api.steps.ts:55

          GET http://localhost:5056/api/loans?q=LN-110 -> 200 OK (1 ms)
          {"data":[{"id":"LN-1103","borrower":"Tara Chopra","type":"home","amount":9000000,"rate":7.75,"tenureMonths":360,"disbursedOn":"2025-08-28","status":"closed","city":"Hyderabad","emi":64477.1},{"id":"LN-1106","borrower":"Vivaan Kapoor","type":"personal","amount":770000,"rate":13.95,"tenureMonths":48,"disbursedOn":"2025-07-01","status":"closed","city":"Hyderabad","emi":21022.08},{"id":"LN-1109","borrower":"Nikhil Gupta","type":"personal","amount":420000,"rate":14.35,"tenureMonths":60,"disbursedOn":"2024-10-27","status":"active","city":"Kolkata","emi":9849.04},{"id":"LN-1101","borrower":"Kavya Kap

    ✔ When I send a GET request to "/loans?q=LN-110"                                     # loanlens-api/steps/loanlens-api.steps.ts:55
    ✔ Then the response status should be 200                                             # framework/steps/common-api.steps.ts:24
    ✔ Then the response status should be 200                                             # framework/steps/common-api.steps.ts:24
    ✔ And the response should match the "loan list" schema                               # loanlens-api/steps/loanlens-api.steps.ts:15
    ✔ And the response should match the "loan list" schema                               # loanlens-api/steps/loanlens-api.steps.ts:15

          GET http://localhost:5056/api/loans?type=home&type=car -> 200 OK (1 ms)
          {"data":[{"id":"LN-1117","borrower":"Pooja Chopra","type":"car","amount":1630000,"rate":9.4,"tenureMonths":84,"disbursedOn":"2025-09-13","status":"active","city":"Mumbai","emi":26557.29},{"id":"LN-1047","borrower":"Ishaan Pillai","type":"home","amount":11900000,"rate":8.95,"tenureMonths":180,"disbursedOn":"2025-09-10","status":"active","city":"Jaipur","emi":120344.03},{"id":"LN-1084","borrower":"Neha Mehta","type":"home","amount":9300000,"rate":9.65,"tenureMonths":300,"disbursedOn":"2025-08-31","status":"active","city":"Delhi","emi":82225.6},{"id":"LN-1103","borrower":"Tara Chopra","type":"hom

    ✔ When I send a GET request to "/loans?type=home&type=car"                           # loanlens-api/steps/loanlens-api.steps.ts:55

          Oracle: 40 matching loans; page ids LN-1117, LN-1047, LN-1084, LN-1033, LN-1081, LN-1056, LN-1043, LN-1035, LN-1065, LN-1069

    ✔ And the response should contain exactly the loans the loan book has for that query # loanlens-api/steps/loanlens-api.steps.ts:71

          Oracle: 10 matching loans; page ids LN-1103, LN-1106, LN-1109, LN-1101, LN-1100, LN-1102, LN-1108, LN-1105, LN-1104, LN-1107

    ✔ And the response should contain exactly the loans the loan book has for that query # loanlens-api/steps/loanlens-api.steps.ts:71
    ✔ Then the response status should be 200                                             # framework/steps/common-api.steps.ts:24
    ✔ And the response should match the "loan list" schema                               # loanlens-api/steps/loanlens-api.steps.ts:15

  @api-app @api
  Scenario Outline: Amount band sorted ascending returns exactly the matching loans         # loanlens-api/features/list-loans.feature:35

          Oracle: 66 matching loans; page ids LN-1117, LN-1047, LN-1084, LN-1103, LN-1006, LN-1033, LN-1081, LN-1056, LN-1086, LN-1043

    ✔ And the response should contain exactly the loans the loan book has for that query # loanlens-api/steps/loanlens-api.steps.ts:71

  @api-app @api
  Scenario Outline: Sort by EMI descending returns exactly the matching loans            # loanlens-api/features/list-loans.feature:36

  @api-app @api
  Scenario Outline: Alphabetical borrowers, second page returns exactly the matching loans # loanlens-api/features/list-loans.feature:37
    ✔ Given the LoanLens API is up                                                          # loanlens-api/steps/loanlens-api.steps.ts:50
    ✔ Given the LoanLens API is up                                                       # loanlens-api/steps/loanlens-api.steps.ts:50

          GET http://localhost:5056/api/loans?minAmount=1000000&maxAmount=5000000&sort=amount -> 200 OK (1 ms)
          {"data":[{"id":"LN-1038","borrower":"Nikhil Nair","type":"personal","amount":1030000,"rate":10.8,"tenureMonths":36,"disbursedOn":"2024-10-10","status":"active","city":"Pune","emi":33623.41},{"id":"LN-1070","borrower":"Aditya Pillai","type":"personal","amount":1030000,"rate":17.1,"tenureMonths":36,"disbursedOn":"2024-02-04","status":"closed","city":"Hyderabad","emi":36773.59},{"id":"LN-1112","borrower":"Neha Reddy","type":"personal","amount":1030000,"rate":14.6,"tenureMonths":12,"disbursedOn":"2024-08-27","status":"active","city":"Mumbai","emi":92771.76},{"id":"LN-1020","borrower":"Aditya Saxen

    ✔ When I send a GET request to "/loans?minAmount=1000000&maxAmount=5000000&sort=amount" # loanlens-api/steps/loanlens-api.steps.ts:55
    ✔ Then the response status should be 200                                                # framework/steps/common-api.steps.ts:24
    ✔ Given the LoanLens API is up                                                         # loanlens-api/steps/loanlens-api.steps.ts:50
    ✔ And the response should match the "loan list" schema                                  # loanlens-api/steps/loanlens-api.steps.ts:15

          Oracle: 68 matching loans; page ids LN-1038, LN-1070, LN-1112, LN-1020, LN-1081, LN-1086, LN-1113, LN-1015, LN-1013, LN-1087

    ✔ And the response should contain exactly the loans the loan book has for that query    # loanlens-api/steps/loanlens-api.steps.ts:71

          GET http://localhost:5056/api/loans?type=personal&sort=-emi -> 200 OK (1 ms)
          {"data":[{"id":"LN-1060","borrower":"Rohan Chopra","type":"personal","amount":2130000,"rate":10.75,"tenureMonths":12,"disbursedOn":"2023-04-03","status":"closed","city":"Chennai","emi":188004.64},{"id":"LN-1045","borrower":"Kabir Malhotra","type":"personal","amount":1570000,"rate":17.1,"tenureMonths":12,"disbursedOn":"2025-09-21","status":"pending","city":"Delhi","emi":143265.98},{"id":"LN-1089","borrower":"Riya Chopra","type":"personal","amount":1580000,"rate":11.45,"tenureMonths":12,"disbursedOn":"2023-05-06","status":"closed","city":"Delhi","emi":139974.88},{"id":"LN-1028","borrower":"Diya 

    ✔ When I send a GET request to "/loans?type=personal&sort=-emi"                      # loanlens-api/steps/loanlens-api.steps.ts:55
    ✔ Then the response status should be 200                                             # framework/steps/common-api.steps.ts:24
    ✔ And the response should match the "loan list" schema                               # loanlens-api/steps/loanlens-api.steps.ts:15

  @api-app @api
  Scenario Outline: Largest allowed page size returns exactly the matching loans         # loanlens-api/features/list-loans.feature:38

          GET http://localhost:5056/api/loans?sort=borrower&page=2&pageSize=25 -> 200 OK (1 ms)
          {"data":[{"id":"LN-1028","borrower":"Diya Sharma","type":"personal","amount":1490000,"rate":10.6,"tenureMonths":12,"disbursedOn":"2023-11-09","status":"active","city":"Bengaluru","emi":131410.83},{"id":"LN-1033","borrower":"Diya Verma","type":"home","amount":6700000,"rate":10.25,"tenureMonths":300,"disbursedOn":"2025-07-13","status":"active","city":"Pune","emi":62067.68},{"id":"LN-1067","borrower":"Ishaan Iyer","type":"car","amount":1360000,"rate":10.8,"tenureMonths":60,"disbursedOn":"2024-08-21","status":"closed","city":"Mumbai","emi":29434.23},{"id":"LN-1071","borrower":"Ishaan Iyer","type":

    ✔ When I send a GET request to "/loans?sort=borrower&page=2&pageSize=25"               # loanlens-api/steps/loanlens-api.steps.ts:55
    ✔ Then the response status should be 200                                               # framework/steps/common-api.steps.ts:24
    ✔ And the response should match the "loan list" schema                                 # loanlens-api/steps/loanlens-api.steps.ts:15

          Oracle: 49 matching loans; page ids LN-1060, LN-1045, LN-1089, LN-1028, LN-1059, LN-1120, LN-1087, LN-1048, LN-1015, LN-1112

    ✔ And the response should contain exactly the loans the loan book has for that query # loanlens-api/steps/loanlens-api.steps.ts:71

          Oracle: 120 matching loans; page ids LN-1028, LN-1033, LN-1067, LN-1071, LN-1118, LN-1090, LN-1047, LN-1009, LN-1002, LN-1074, LN-1035, LN-1007, LN-1045, LN-1050, LN-1097, LN-1044, LN-1057, LN-1081, LN-1075, LN-1110, LN-1055, LN-1029, LN-1031, LN-1101, LN-1023

    ✔ And the response should contain exactly the loans the loan book has for that query   # loanlens-api/steps/loanlens-api.steps.ts:71

  @api-app @api
  Scenario Outline: Last partial page returns exactly the matching loans                 # loanlens-api/features/list-loans.feature:39

  @api-app @api
  Scenario Outline: Every filter at once returns exactly the matching loans                                                                                                                                                             # loanlens-api/features/list-loans.feature:40
    ✔ Given the LoanLens API is up                                                       # loanlens-api/steps/loanlens-api.steps.ts:50
    ✔ Given the LoanLens API is up                                                       # loanlens-api/steps/loanlens-api.steps.ts:50

          GET http://localhost:5056/api/loans?pageSize=100 -> 200 OK (1 ms)
          {"data":[{"id":"LN-1075","borrower":"Karan Joshi","type":"education","amount":2200000,"rate":12.7,"tenureMonths":84,"disbursedOn":"2025-09-24","status":"active","city":"Hyderabad","emi":39664.38},{"id":"LN-1045","borrower":"Kabir Malhotra","type":"personal","amount":1570000,"rate":17.1,"tenureMonths":12,"disbursedOn":"2025-09-21","status":"pending","city":"Delhi","emi":143265.98},{"id":"LN-1117","borrower":"Pooja Chopra","type":"car","amount":1630000,"rate":9.4,"tenureMonths":84,"disbursedOn":"2025-09-13","status":"active","city":"Mumbai","emi":26557.29},{"id":"LN-1047","borrower":"Ishaan Pill

    ✔ When I send a GET request to "/loans?pageSize=100"                                 # loanlens-api/steps/loanlens-api.steps.ts:55
    ✔ Given the LoanLens API is up                                                                                                                                                                                                      # loanlens-api/steps/loanlens-api.steps.ts:50
    ✔ Then the response status should be 200                                             # framework/steps/common-api.steps.ts:24
    ✔ And the response should match the "loan list" schema                               # loanlens-api/steps/loanlens-api.steps.ts:15

          GET http://localhost:5056/api/loans?pageSize=50&page=3 -> 200 OK (1 ms)
          {"data":[{"id":"LN-1119","borrower":"Saanvi Saxena","type":"home","amount":6500000,"rate":7.9,"tenureMonths":300,"disbursedOn":"2023-07-04","status":"pending","city":"Kolkata","emi":49738.23},{"id":"LN-1104","borrower":"Diya Joshi","type":"car","amount":1290000,"rate":11.45,"tenureMonths":48,"disbursedOn":"2023-06-29","status":"active","city":"Delhi","emi":33623.33},{"id":"LN-1014","borrower":"Saanvi Saxena","type":"car","amount":450000,"rate":9.9,"tenureMonths":60,"disbursedOn":"2023-06-21","status":"active","city":"Chennai","emi":9539.04},{"id":"LN-1034","borrower":"Meera Gupta","type":"pers

    ✔ When I send a GET request to "/loans?pageSize=50&page=3"                           # loanlens-api/steps/loanlens-api.steps.ts:55
    ✔ Then the response status should be 200                                             # framework/steps/common-api.steps.ts:24

          Oracle: 120 matching loans; page ids LN-1075, LN-1045, LN-1117, LN-1047, LN-1084, LN-1103, LN-1006, LN-1033, LN-1081, LN-1106, LN-1085, LN-1056, LN-1086, LN-1088, LN-1110, LN-1025, LN-1043, LN-1061, LN-1083, LN-1082, LN-1087, LN-1029, LN-1058, LN-1019, LN-1026, LN-1097, LN-1004, LN-1035, LN-1015, LN-1027, LN-1065, LN-1024, LN-1069, LN-1120, LN-1054, LN-1055, LN-1013, LN-1010, LN-1076, LN-1115, LN-1091, LN-1096, LN-1037, LN-1052, LN-1109, LN-1020, LN-1066, LN-1038, LN-1022, LN-1112, LN-1067, LN-1049, LN-1062, LN-1016, LN-1048, LN-1012, LN-1078, LN-1101, LN-1030, LN-1098, LN-1100, LN-1018, LN-1039, LN-1064, LN-1090, LN-1072, LN-1017, LN-1093, LN-1118, LN-1074, LN-1051, LN-1113, LN-1102, LN-1011, LN-1009, LN-1057, LN-1111, LN-1005, LN-1070, LN-1095, LN-1042, LN-1116, LN-1094, LN-1031, LN-1077, LN-1073, LN-1114, LN-1059, LN-1007, LN-1028, LN-1046, LN-1108, LN-1036, LN-1053, LN-1040, LN-1032, LN-1003, LN-1092, LN-1105, LN-1068

    ✔ And the response should contain exactly the loans the loan book has for that query # loanlens-api/steps/loanlens-api.steps.ts:71

          GET http://localhost:5056/api/loans?type=home,personal&status=active,overdue&city=Delhi,Mumbai&minAmount=100000&maxAmount=20000000&minRate=7&maxRate=18&disbursedFrom=2023-01-01&disbursedTo=2025-12-31&sort=-amount&pageSize=5 -> 200 OK (1 ms)
          {"data":[{"id":"LN-1084","borrower":"Neha Mehta","type":"home","amount":9300000,"rate":9.65,"tenureMonths":300,"disbursedOn":"2025-08-31","status":"active","city":"Delhi","emi":82225.6},{"id":"LN-1108","borrower":"Priya Reddy","type":"home","amount":8100000,"rate":10.1,"tenureMonths":120,"disbursedOn":"2023-10-18","status":"active","city":"Delhi","emi":107491.14},{"id":"LN-1022","borrower":"Priya Mehta","type":"home","amount":6600000,"rate":8.85,"tenureMonths":360,"disbursedOn":"2024-09-14","status":"active","city":"Delhi","emi":52394.32},{"id":"LN-1062","borrower":"Arjun Sharma","type":"home"

    ✔ When I send a GET request to "/loans?type=home,personal&status=active,overdue&city=Delhi,Mumbai&minAmount=100000&maxAmount=20000000&minRate=7&maxRate=18&disbursedFrom=2023-01-01&disbursedTo=2025-12-31&sort=-amount&pageSize=5" # loanlens-api/steps/loanlens-api.steps.ts:55
    ✔ And the response should match the "loan list" schema                               # loanlens-api/steps/loanlens-api.steps.ts:15
    ✔ Then the response status should be 200                                                                                                                                                                                            # framework/steps/common-api.steps.ts:24
    ✔ And the response should match the "loan list" schema                                                                                                                                                                              # loanlens-api/steps/loanlens-api.steps.ts:15

          Oracle: 120 matching loans; page ids LN-1119, LN-1104, LN-1014, LN-1034, LN-1044, LN-1023, LN-1041, LN-1089, LN-1050, LN-1021, LN-1080, LN-1002, LN-1099, LN-1063, LN-1008, LN-1060, LN-1071, LN-1107, LN-1001, LN-1079

    ✔ And the response should contain exactly the loans the loan book has for that query # loanlens-api/steps/loanlens-api.steps.ts:71

          Oracle: 11 matching loans; page ids LN-1084, LN-1108, LN-1022, LN-1062, LN-1059

    ✔ And the response should contain exactly the loans the loan book has for that query                                                                                                                                                # loanlens-api/steps/loanlens-api.steps.ts:71

  @api-app @api
  Scenario Outline: Last allowed page, past the end, is empty returns exactly the matching loans # loanlens-api/features/list-loans.feature:44

  @api-app @api
  Scenario Outline: Filters that match no loan returns exactly the matching loans        # loanlens-api/features/list-loans.feature:45

  @api-app @api
  Scenario Outline: Regular-expression characters returns exactly the matching loans     # loanlens-api/features/list-loans.feature:49
    ✔ Given the LoanLens API is up                                                               # loanlens-api/steps/loanlens-api.steps.ts:50
    ✔ Given the LoanLens API is up                                                       # loanlens-api/steps/loanlens-api.steps.ts:50
    ✔ Given the LoanLens API is up                                                       # loanlens-api/steps/loanlens-api.steps.ts:50

          GET http://localhost:5056/api/loans?type=education&page=10000 -> 200 OK (1 ms)
          {"data":[],"meta":{"page":10000,"pageSize":10,"total":5,"totalPages":1,"sort":"-disbursedOn","filters":{"type":["education"]}}}

    ✔ When I send a GET request to "/loans?type=education&page=10000"                            # loanlens-api/steps/loanlens-api.steps.ts:55
    ✔ Then the response status should be 200                                                     # framework/steps/common-api.steps.ts:24

          GET http://localhost:5056/api/loans?type=education&status=pending&city=Jaipur -> 200 OK (1 ms)
          {"data":[],"meta":{"page":1,"pageSize":10,"total":0,"totalPages":1,"sort":"-disbursedOn","filters":{"type":["education"],"status":["pending"],"city":["Jaipur"]}}}

    ✔ When I send a GET request to "/loans?type=education&status=pending&city=Jaipur"    # loanlens-api/steps/loanlens-api.steps.ts:55
    ✔ And the response should match the "loan list" schema                                       # loanlens-api/steps/loanlens-api.steps.ts:15

          GET http://localhost:5056/api/loans?q=.* -> 200 OK (1 ms)
          {"data":[],"meta":{"page":1,"pageSize":10,"total":0,"totalPages":1,"sort":"-disbursedOn","filters":{"q":".*"}}}

    ✔ When I send a GET request to "/loans?q=.*"                                         # loanlens-api/steps/loanlens-api.steps.ts:55
    ✔ Then the response status should be 200                                             # framework/steps/common-api.steps.ts:24

          Oracle: 5 matching loans; page ids (none)

    ✔ And the response should contain exactly the loans the loan book has for that query         # loanlens-api/steps/loanlens-api.steps.ts:71
    ✔ Then the response status should be 200                                             # framework/steps/common-api.steps.ts:24
    ✔ And the response should match the "loan list" schema                               # loanlens-api/steps/loanlens-api.steps.ts:15
    ✔ And the response should match the "loan list" schema                               # loanlens-api/steps/loanlens-api.steps.ts:15

          Oracle: 0 matching loans; page ids (none)

    ✔ And the response should contain exactly the loans the loan book has for that query # loanlens-api/steps/loanlens-api.steps.ts:71

          Oracle: 0 matching loans; page ids (none)

    ✔ And the response should contain exactly the loans the loan book has for that query # loanlens-api/steps/loanlens-api.steps.ts:71

  @api-app @api
  Scenario Outline: Shortest allowed search, 2 characters returns exactly the matching loans # loanlens-api/features/list-loans.feature:50

  @api-app @api
  Scenario Outline: Longest allowed search, 50 characters returns exactly the matching loans     # loanlens-api/features/list-loans.feature:51

  @api-app @api
  Scenario Outline: Sorting by rate ascending                      # loanlens-api/features/list-loans.feature:62
    ✔ Given the LoanLens API is up                                                               # loanlens-api/steps/loanlens-api.steps.ts:50
    ✔ Given the LoanLens API is up                                                           # loanlens-api/steps/loanlens-api.steps.ts:50
    ✔ Given the LoanLens API is up                                 # loanlens-api/steps/loanlens-api.steps.ts:50

          GET http://localhost:5056/api/loans?q=aaaaaaaaaaaaaaaaaaaaaaaaaaaaaaaaaaaaaaaaaaaaaaaaaa -> 200 OK (1 ms)
          {"data":[],"meta":{"page":1,"pageSize":10,"total":0,"totalPages":1,"sort":"-disbursedOn","filters":{"q":"aaaaaaaaaaaaaaaaaaaaaaaaaaaaaaaaaaaaaaaaaaaaaaaaaa"}}}

    ✔ When I send a GET request to "/loans?q=aaaaaaaaaaaaaaaaaaaaaaaaaaaaaaaaaaaaaaaaaaaaaaaaaa" # loanlens-api/steps/loanlens-api.steps.ts:55
    ✔ Then the response status should be 200                                                     # framework/steps/common-api.steps.ts:24
    ✔ And the response should match the "loan list" schema                                       # loanlens-api/steps/loanlens-api.steps.ts:15

          GET http://localhost:5056/api/loans?sort=rate&pageSize=100 -> 200 OK (1 ms)
          {"data":[{"id":"LN-1069","borrower":"Aarav Chopra","type":"home","amount":11100000,"rate":7.55,"tenureMonths":240,"disbursedOn":"2025-01-15","status":"active","city":"Bengaluru","emi":89760.51},{"id":"LN-1094","borrower":"Tara Joshi","type":"home","amount":4700000,"rate":7.55,"tenureMonths":180,"disbursedOn":"2024-01-01","status":"active","city":"Jaipur","emi":43703.23},{"id":"LN-1062","borrower":"Arjun Sharma","type":"home","amount":3800000,"rate":7.6,"tenureMonths":180,"disbursedOn":"2024-08-11","status":"active","city":"Delhi","emi":35442.76},{"id":"LN-1100","borrower":"Tara Kapoor","type":

    ✔ When I send a GET request to "/loans?sort=rate&pageSize=100" # loanlens-api/steps/loanlens-api.steps.ts:55

          GET http://localhost:5056/api/loans?q=ab -> 200 OK (1 ms)
          {"data":[{"id":"LN-1045","borrower":"Kabir Malhotra","type":"personal","amount":1570000,"rate":17.1,"tenureMonths":12,"disbursedOn":"2025-09-21","status":"pending","city":"Delhi","emi":143265.98},{"id":"LN-1097","borrower":"Kabir Rao","type":"car","amount":1450000,"rate":9.55,"tenureMonths":60,"disbursedOn":"2025-03-04","status":"closed","city":"Jaipur","emi":30488.14},{"id":"LN-1035","borrower":"Kabir Gupta","type":"home","amount":1900000,"rate":10.25,"tenureMonths":240,"disbursedOn":"2025-02-18","status":"active","city":"Chennai","emi":18651.22},{"id":"LN-1074","borrower":"Kabir Desai","type

    ✔ When I send a GET request to "/loans?q=ab"                                             # loanlens-api/steps/loanlens-api.steps.ts:55
    ✔ Then the response status should be 200                       # framework/steps/common-api.steps.ts:24

          Oracle: 0 matching loans; page ids (none)

    ✔ And the response should contain exactly the loans the loan book has for that query         # loanlens-api/steps/loanlens-api.steps.ts:71
    ✔ Then the response status should be 200                                                 # framework/steps/common-api.steps.ts:24
    ✔ And the response should match the "loan list" schema                                   # loanlens-api/steps/loanlens-api.steps.ts:15
    ✔ And the returned loans should be sorted by rate ascending    # loanlens-api/steps/loanlens-api.steps.ts:81

          Oracle: 7 matching loans; page ids LN-1045, LN-1097, LN-1035, LN-1074, LN-1007, LN-1050, LN-1002

    ✔ And the response should contain exactly the loans the loan book has for that query     # loanlens-api/steps/loanlens-api.steps.ts:71

  @api-app @api
  Scenario Outline: Sorting by tenureMonths descending                      # loanlens-api/features/list-loans.feature:63

  @api-app @api
  Scenario Outline: Sorting by disbursedOn ascending                      # loanlens-api/features/list-loans.feature:64

  @api-app @api
  Scenario: Each loan carries an EMI derived from its own terms                         # loanlens-api/features/list-loans.feature:66
    ✔ Given the LoanLens API is up                                          # loanlens-api/steps/loanlens-api.steps.ts:50
    ✔ Given the LoanLens API is up                                        # loanlens-api/steps/loanlens-api.steps.ts:50
    ✔ Given the LoanLens API is up                                                      # loanlens-api/steps/loanlens-api.steps.ts:50

          GET http://localhost:5056/api/loans?sort=-tenureMonths&pageSize=100 -> 200 OK (1 ms)
          {"data":[{"id":"LN-1003","borrower":"Aditya Malhotra","type":"home","amount":5800000,"rate":9.3,"tenureMonths":360,"disbursedOn":"2023-08-25","status":"active","city":"Pune","emi":47925.47},{"id":"LN-1011","borrower":"Rohan Reddy","type":"home","amount":7000000,"rate":8.25,"tenureMonths":360,"disbursedOn":"2024-02-23","status":"active","city":"Kolkata","emi":52588.66},{"id":"LN-1016","borrower":"Saanvi Mehta","type":"home","amount":2100000,"rate":8.95,"tenureMonths":360,"disbursedOn":"2024-07-31","status":"overdue","city":"Chennai","emi":16821.58},{"id":"LN-1022","borrower":"Priya Mehta","type

    ✔ When I send a GET request to "/loans?sort=-tenureMonths&pageSize=100" # loanlens-api/steps/loanlens-api.steps.ts:55
    ✔ Then the response status should be 200                                # framework/steps/common-api.steps.ts:24

          GET http://localhost:5056/api/loans?sort=disbursedOn&pageSize=100 -> 200 OK (1 ms)
          {"data":[{"id":"LN-1079","borrower":"Tara Reddy","type":"home","amount":9400000,"rate":8.95,"tenureMonths":300,"disbursedOn":"2023-03-16","status":"active","city":"Hyderabad","emi":78562.86},{"id":"LN-1001","borrower":"Meera Verma","type":"car","amount":1560000,"rate":11.8,"tenureMonths":84,"disbursedOn":"2023-03-22","status":"active","city":"Hyderabad","emi":27371.69},{"id":"LN-1071","borrower":"Ishaan Iyer","type":"education","amount":3550000,"rate":9.8,"tenureMonths":60,"disbursedOn":"2023-03-30","status":"active","city":"Mumbai","emi":75078.13},{"id":"LN-1107","borrower":"Rohan Saxena","ty

    ✔ When I send a GET request to "/loans?sort=disbursedOn&pageSize=100" # loanlens-api/steps/loanlens-api.steps.ts:55

          GET http://localhost:5056/api/loans?pageSize=100 -> 200 OK (1 ms)
          {"data":[{"id":"LN-1075","borrower":"Karan Joshi","type":"education","amount":2200000,"rate":12.7,"tenureMonths":84,"disbursedOn":"2025-09-24","status":"active","city":"Hyderabad","emi":39664.38},{"id":"LN-1045","borrower":"Kabir Malhotra","type":"personal","amount":1570000,"rate":17.1,"tenureMonths":12,"disbursedOn":"2025-09-21","status":"pending","city":"Delhi","emi":143265.98},{"id":"LN-1117","borrower":"Pooja Chopra","type":"car","amount":1630000,"rate":9.4,"tenureMonths":84,"disbursedOn":"2025-09-13","status":"active","city":"Mumbai","emi":26557.29},{"id":"LN-1047","borrower":"Ishaan Pill

    ✔ When I send a GET request to "/loans?pageSize=100"                                # loanlens-api/steps/loanlens-api.steps.ts:55
    ✔ Then the response status should be 200                              # framework/steps/common-api.steps.ts:24
    ✔ Then the response status should be 200                                            # framework/steps/common-api.steps.ts:24
    ✔ And the returned loans should be sorted by disbursedOn ascending    # loanlens-api/steps/loanlens-api.steps.ts:81
    ✔ And the returned loans should be sorted by tenureMonths descending    # loanlens-api/steps/loanlens-api.steps.ts:81
    ✔ And the page should hold 100 loans                                                # loanlens-api/steps/loanlens-api.steps.ts:87

  @api-app @api
  Scenario Outline: Invalid parameter - page zero          # loanlens-api/features/list-loans.feature:81

  @api-app @api
  Scenario Outline: Invalid parameter - page above maximum # loanlens-api/features/list-loans.feature:82
    ✔ Given the LoanLens API is up                         # loanlens-api/steps/loanlens-api.steps.ts:50
    ✔ Given the LoanLens API is up                         # loanlens-api/steps/loanlens-api.steps.ts:50

          GET http://localhost:5056/api/loans?page=10001 -> 400 Bad Request (1 ms)
          {"error":{"code":"VALIDATION_ERROR","message":"One or more query parameters are invalid","details":[{"param":"page","issue":"out_of_range","message":"\"page\" must be between 1 and 10000","received":10001}]}}

    ✔ When I send a GET request to "/loans?page=10001"     # loanlens-api/steps/loanlens-api.steps.ts:55
    ✔ Then the response status should be 400               # framework/steps/common-api.steps.ts:24
    ✔ And the response should match the "error" schema     # loanlens-api/steps/loanlens-api.steps.ts:15
    ✔ And the error code should be "VALIDATION_ERROR"      # framework/steps/common-api.steps.ts:35

          GET http://localhost:5056/api/loans?page=0 -> 400 Bad Request (1 ms)
          {"error":{"code":"VALIDATION_ERROR","message":"One or more query parameters are invalid","details":[{"param":"page","issue":"out_of_range","message":"\"page\" must be between 1 and 10000","received":0}]}}

    ✔ When I send a GET request to "/loans?page=0"         # loanlens-api/steps/loanlens-api.steps.ts:55
    ✔ And the error should report "page" as "out_of_range" # framework/steps/common-api.steps.ts:40
    ✔ Then the response status should be 400               # framework/steps/common-api.steps.ts:24
    ✔ And the response should match the "error" schema     # loanlens-api/steps/loanlens-api.steps.ts:15
    ✔ And the error code should be "VALIDATION_ERROR"      # framework/steps/common-api.steps.ts:35
    ✔ And the error should report "page" as "out_of_range" # framework/steps/common-api.steps.ts:40

  @api-app @api
  Scenario Outline: Invalid parameter - page size above maximum # loanlens-api/features/list-loans.feature:83

  @api-app @api
  Scenario Outline: Invalid parameter - page size zero         # loanlens-api/features/list-loans.feature:84
    ✔ Given the LoanLens API is up                              # loanlens-api/steps/loanlens-api.steps.ts:50
    ✔ Given the LoanLens API is up                             # loanlens-api/steps/loanlens-api.steps.ts:50

          GET http://localhost:5056/api/loans?pageSize=101 -> 400 Bad Request (1 ms)
          {"error":{"code":"VALIDATION_ERROR","message":"One or more query parameters are invalid","details":[{"param":"pageSize","issue":"out_of_range","message":"\"pageSize\" must be between 1 and 100","received":101}]}}

    ✔ When I send a GET request to "/loans?pageSize=101"        # loanlens-api/steps/loanlens-api.steps.ts:55
    ✔ Then the response status should be 400                    # framework/steps/common-api.steps.ts:24
    ✔ And the response should match the "error" schema          # loanlens-api/steps/loanlens-api.steps.ts:15
    ✔ And the error code should be "VALIDATION_ERROR"           # framework/steps/common-api.steps.ts:35

          GET http://localhost:5056/api/loans?pageSize=0 -> 400 Bad Request (1 ms)
          {"error":{"code":"VALIDATION_ERROR","message":"One or more query parameters are invalid","details":[{"param":"pageSize","issue":"out_of_range","message":"\"pageSize\" must be between 1 and 100","received":0}]}}

    ✔ When I send a GET request to "/loans?pageSize=0"         # loanlens-api/steps/loanlens-api.steps.ts:55
    ✔ And the error should report "pageSize" as "out_of_range"  # framework/steps/common-api.steps.ts:40
    ✔ Then the response status should be 400                   # framework/steps/common-api.steps.ts:24

  @api-app @api
  Scenario Outline: Invalid parameter - negative amount         # loanlens-api/features/list-loans.feature:85
    ✔ And the response should match the "error" schema         # loanlens-api/steps/loanlens-api.steps.ts:15
    ✔ And the error code should be "VALIDATION_ERROR"          # framework/steps/common-api.steps.ts:35
    ✔ And the error should report "pageSize" as "out_of_range" # framework/steps/common-api.steps.ts:40

  @api-app @api
  Scenario Outline: Invalid parameter - rate just above 50%   # loanlens-api/features/list-loans.feature:86
    ✔ Given the LoanLens API is up                              # loanlens-api/steps/loanlens-api.steps.ts:50

          GET http://localhost:5056/api/loans?minAmount=-5 -> 400 Bad Request (1 ms)
          {"error":{"code":"VALIDATION_ERROR","message":"One or more query parameters are invalid","details":[{"param":"minAmount","issue":"out_of_range","message":"\"minAmount\" must be between 0 and 1000000000","received":-5}]}}

    ✔ When I send a GET request to "/loans?minAmount=-5"        # loanlens-api/steps/loanlens-api.steps.ts:55
    ✔ Given the LoanLens API is up                            # loanlens-api/steps/loanlens-api.steps.ts:50
    ✔ Then the response status should be 400                    # framework/steps/common-api.steps.ts:24
    ✔ And the response should match the "error" schema          # loanlens-api/steps/loanlens-api.steps.ts:15
    ✔ And the error code should be "VALIDATION_ERROR"           # framework/steps/common-api.steps.ts:35
    ✔ And the error should report "minAmount" as "out_of_range" # framework/steps/common-api.steps.ts:40

          GET http://localhost:5056/api/loans?maxRate=50.01 -> 400 Bad Request (1 ms)
          {"error":{"code":"VALIDATION_ERROR","message":"One or more query parameters are invalid","details":[{"param":"maxRate","issue":"out_of_range","message":"\"maxRate\" must be between 0 and 50","received":50.01}]}}

    ✔ When I send a GET request to "/loans?maxRate=50.01"     # loanlens-api/steps/loanlens-api.steps.ts:55
    ✔ Then the response status should be 400                  # framework/steps/common-api.steps.ts:24
    ✔ And the response should match the "error" schema        # loanlens-api/steps/loanlens-api.steps.ts:15
    ✔ And the error code should be "VALIDATION_ERROR"         # framework/steps/common-api.steps.ts:35

  @api-app @api
  Scenario Outline: Invalid parameter - one-character search # loanlens-api/features/list-loans.feature:87
    ✔ And the error should report "maxRate" as "out_of_range" # framework/steps/common-api.steps.ts:40

  @api-app @api
  Scenario Outline: Invalid parameter - 51-character search                                       # loanlens-api/features/list-loans.feature:88
    ✔ Given the LoanLens API is up                           # loanlens-api/steps/loanlens-api.steps.ts:50
    ✔ Given the LoanLens API is up                                                                # loanlens-api/steps/loanlens-api.steps.ts:50
    ✔ And every loan should carry the EMI computed from its own amount, rate and tenure # loanlens-api/steps/loanlens-api.steps.ts:91

          GET http://localhost:5056/api/loans?q=a -> 400 Bad Request (1 ms)
          {"error":{"code":"VALIDATION_ERROR","message":"One or more query parameters are invalid","details":[{"param":"q","issue":"out_of_range","message":"\"q\" must be 2-50 characters","received":"a"}]}}

    ✔ When I send a GET request to "/loans?q=a"              # loanlens-api/steps/loanlens-api.steps.ts:55
    ✔ Then the response status should be 400                 # framework/steps/common-api.steps.ts:24

  @api-app @api
  Scenario Outline: Invalid parameter - search of spaces only # loanlens-api/features/list-loans.feature:89

          GET http://localhost:5056/api/loans?q=aaaaaaaaaaaaaaaaaaaaaaaaaaaaaaaaaaaaaaaaaaaaaaaaaaa -> 400 Bad Request (1 ms)
          {"error":{"code":"VALIDATION_ERROR","message":"One or more query parameters are invalid","details":[{"param":"q","issue":"out_of_range","message":"\"q\" must be 2-50 characters","received":"aaaaaaaaaaaaaaaaaaaaaaaaaaaaaaaaaaaaaaaaaaaaaaaaaaa"}]}}

    ✔ When I send a GET request to "/loans?q=aaaaaaaaaaaaaaaaaaaaaaaaaaaaaaaaaaaaaaaaaaaaaaaaaaa" # loanlens-api/steps/loanlens-api.steps.ts:55
    ✔ Then the response status should be 400                                                      # framework/steps/common-api.steps.ts:24
    ✔ And the response should match the "error" schema       # loanlens-api/steps/loanlens-api.steps.ts:15
    ✔ And the error code should be "VALIDATION_ERROR"        # framework/steps/common-api.steps.ts:35
    ✔ And the error should report "q" as "out_of_range"      # framework/steps/common-api.steps.ts:40
    ✔ And the response should match the "error" schema                                            # loanlens-api/steps/loanlens-api.steps.ts:15
    ✔ And the error code should be "VALIDATION_ERROR"                                             # framework/steps/common-api.steps.ts:35
    ✔ And the error should report "q" as "out_of_range"                                           # framework/steps/common-api.steps.ts:40

  @api-app @api
  Scenario Outline: Invalid parameter - page is a decimal  # loanlens-api/features/list-loans.feature:93

  @api-app @api
  Scenario Outline: Invalid parameter - amount in scientific form # loanlens-api/features/list-loans.feature:94
    ✔ Given the LoanLens API is up                            # loanlens-api/steps/loanlens-api.steps.ts:50
    ✔ Given the LoanLens API is up                         # loanlens-api/steps/loanlens-api.steps.ts:50
    ✔ Given the LoanLens API is up                                # loanlens-api/steps/loanlens-api.steps.ts:50

          GET http://localhost:5056/api/loans?q=%20%20%20 -> 400 Bad Request (1 ms)
          {"error":{"code":"VALIDATION_ERROR","message":"One or more query parameters are invalid","details":[{"param":"q","issue":"out_of_range","message":"\"q\" must be 2-50 characters","received":""}]}}

    ✔ When I send a GET request to "/loans?q=%20%20%20"       # loanlens-api/steps/loanlens-api.steps.ts:55
    ✔ Then the response status should be 400                  # framework/steps/common-api.steps.ts:24

          GET http://localhost:5056/api/loans?page=1.5 -> 400 Bad Request (1 ms)
          {"error":{"code":"VALIDATION_ERROR","message":"One or more query parameters are invalid","details":[{"param":"page","issue":"invalid_type","message":"\"page\" must be an integer","received":"1.5"}]}}

    ✔ When I send a GET request to "/loans?page=1.5"       # loanlens-api/steps/loanlens-api.steps.ts:55
    ✔ And the response should match the "error" schema        # loanlens-api/steps/loanlens-api.steps.ts:15
    ✔ Then the response status should be 400               # framework/steps/common-api.steps.ts:24
    ✔ And the response should match the "error" schema     # loanlens-api/steps/loanlens-api.steps.ts:15
    ✔ And the error code should be "VALIDATION_ERROR"         # framework/steps/common-api.steps.ts:35
    ✔ And the error code should be "VALIDATION_ERROR"      # framework/steps/common-api.steps.ts:35
    ✔ And the error should report "page" as "invalid_type" # framework/steps/common-api.steps.ts:40
    ✔ And the error should report "q" as "out_of_range"       # framework/steps/common-api.steps.ts:40

          GET http://localhost:5056/api/loans?minAmount=1e6 -> 400 Bad Request (1 ms)
          {"error":{"code":"VALIDATION_ERROR","message":"One or more query parameters are invalid","details":[{"param":"minAmount","issue":"invalid_type","message":"\"minAmount\" must be an integer","received":"1e6"}]}}

    ✔ When I send a GET request to "/loans?minAmount=1e6"         # loanlens-api/steps/loanlens-api.steps.ts:55
    ✔ Then the response status should be 400                      # framework/steps/common-api.steps.ts:24
    ✔ And the response should match the "error" schema            # loanlens-api/steps/loanlens-api.steps.ts:15
    ✔ And the error code should be "VALIDATION_ERROR"             # framework/steps/common-api.steps.ts:35

  @api-app @api
  Scenario Outline: Invalid parameter - impossible calendar date     # loanlens-api/features/list-loans.feature:95

  @api-app @api
  Scenario Outline: Invalid parameter - end date with month 13     # loanlens-api/features/list-loans.feature:96
    ✔ And the error should report "minAmount" as "invalid_type"   # framework/steps/common-api.steps.ts:40

  @api-app @api
  Scenario Outline: Invalid parameter - non-ISO date                 # loanlens-api/features/list-loans.feature:97
    ✔ Given the LoanLens API is up                                   # loanlens-api/steps/loanlens-api.steps.ts:50
    ✔ Given the LoanLens API is up                                 # loanlens-api/steps/loanlens-api.steps.ts:50
    ✔ Given the LoanLens API is up                                   # loanlens-api/steps/loanlens-api.steps.ts:50

          GET http://localhost:5056/api/loans?disbursedFrom=2023-02-29 -> 400 Bad Request (1 ms)
          {"error":{"code":"VALIDATION_ERROR","message":"One or more query parameters are invalid","details":[{"param":"disbursedFrom","issue":"invalid_type","message":"\"disbursedFrom\" must be a real calendar date (YYYY-MM-DD)","received":"2023-02-29"}]}}

    ✔ When I send a GET request to "/loans?disbursedFrom=2023-02-29" # loanlens-api/steps/loanlens-api.steps.ts:55
    ✔ Then the response status should be 400                         # framework/steps/common-api.steps.ts:24

          GET http://localhost:5056/api/loans?disbursedTo=2024-13-01 -> 400 Bad Request (1 ms)
          {"error":{"code":"VALIDATION_ERROR","message":"One or more query parameters are invalid","details":[{"param":"disbursedTo","issue":"invalid_type","message":"\"disbursedTo\" must be a real calendar date (YYYY-MM-DD)","received":"2024-13-01"}]}}

    ✔ When I send a GET request to "/loans?disbursedTo=2024-13-01" # loanlens-api/steps/loanlens-api.steps.ts:55
    ✔ Then the response status should be 400                       # framework/steps/common-api.steps.ts:24
    ✔ And the response should match the "error" schema               # loanlens-api/steps/loanlens-api.steps.ts:15
    ✔ And the error code should be "VALIDATION_ERROR"                # framework/steps/common-api.steps.ts:35
    ✔ And the response should match the "error" schema             # loanlens-api/steps/loanlens-api.steps.ts:15
    ✔ And the error should report "disbursedFrom" as "invalid_type"  # framework/steps/common-api.steps.ts:40
    ✔ And the error code should be "VALIDATION_ERROR"              # framework/steps/common-api.steps.ts:35
    ✔ And the error should report "disbursedTo" as "invalid_type"  # framework/steps/common-api.steps.ts:40

          GET http://localhost:5056/api/loans?disbursedFrom=01/02/2024 -> 400 Bad Request (1 ms)
          {"error":{"code":"VALIDATION_ERROR","message":"One or more query parameters are invalid","details":[{"param":"disbursedFrom","issue":"invalid_type","message":"\"disbursedFrom\" must be a real calendar date (YYYY-MM-DD)","received":"01/02/2024"}]}}

    ✔ When I send a GET request to "/loans?disbursedFrom=01/02/2024" # loanlens-api/steps/loanlens-api.steps.ts:55
    ✔ Then the response status should be 400                         # framework/steps/common-api.steps.ts:24
    ✔ And the response should match the "error" schema               # loanlens-api/steps/loanlens-api.steps.ts:15
    ✔ And the error code should be "VALIDATION_ERROR"                # framework/steps/common-api.steps.ts:35

  @api-app @api
  Scenario Outline: Invalid parameter - unknown loan type   # loanlens-api/features/list-loans.feature:98
    ✔ And the error should report "disbursedFrom" as "invalid_type"  # framework/steps/common-api.steps.ts:40

  @api-app @api
  Scenario Outline: Invalid parameter - one bad type in a list # loanlens-api/features/list-loans.feature:99

  @api-app @api
  Scenario Outline: Invalid parameter - unknown city        # loanlens-api/features/list-loans.feature:100
    ✔ Given the LoanLens API is up                          # loanlens-api/steps/loanlens-api.steps.ts:50
    ✔ Given the LoanLens API is up                             # loanlens-api/steps/loanlens-api.steps.ts:50

          GET http://localhost:5056/api/loans?type=boat -> 400 Bad Request (1 ms)
          {"error":{"code":"VALIDATION_ERROR","message":"One or more query parameters are invalid","details":[{"param":"type","issue":"invalid_value","message":"\"type\" accepts a comma-separated list of: home, personal, car, education","received":"boat"}]}}

    ✔ When I send a GET request to "/loans?type=boat"       # loanlens-api/steps/loanlens-api.steps.ts:55
    ✔ Given the LoanLens API is up                          # loanlens-api/steps/loanlens-api.steps.ts:50
    ✔ Then the response status should be 400                # framework/steps/common-api.steps.ts:24

          GET http://localhost:5056/api/loans?type=home,boat -> 400 Bad Request (1 ms)
          {"error":{"code":"VALIDATION_ERROR","message":"One or more query parameters are invalid","details":[{"param":"type","issue":"invalid_value","message":"\"type\" accepts a comma-separated list of: home, personal, car, education","received":"home,boat"}]}}

    ✔ When I send a GET request to "/loans?type=home,boat"     # loanlens-api/steps/loanlens-api.steps.ts:55
    ✔ Then the response status should be 400                   # framework/steps/common-api.steps.ts:24
    ✔ And the response should match the "error" schema      # loanlens-api/steps/loanlens-api.steps.ts:15
    ✔ And the error code should be "VALIDATION_ERROR"       # framework/steps/common-api.steps.ts:35
    ✔ And the response should match the "error" schema         # loanlens-api/steps/loanlens-api.steps.ts:15
    ✔ And the error code should be "VALIDATION_ERROR"          # framework/steps/common-api.steps.ts:35
    ✔ And the error should report "type" as "invalid_value"    # framework/steps/common-api.steps.ts:40
    ✔ And the error should report "type" as "invalid_value" # framework/steps/common-api.steps.ts:40

          GET http://localhost:5056/api/loans?city=Atlantis -> 400 Bad Request (1 ms)
          {"error":{"code":"VALIDATION_ERROR","message":"One or more query parameters are invalid","details":[{"param":"city","issue":"invalid_value","message":"\"city\" accepts a comma-separated list of: Bengaluru, Chennai, Delhi, Hyderabad, Jaipur, Kolkata, Mumbai, Pune","received":"Atlantis"}]}}

    ✔ When I send a GET request to "/loans?city=Atlantis"   # loanlens-api/steps/loanlens-api.steps.ts:55
    ✔ Then the response status should be 400                # framework/steps/common-api.steps.ts:24

  @api-app @api
  Scenario Outline: Invalid parameter - unsupported sort field # loanlens-api/features/list-loans.feature:101
    ✔ And the response should match the "error" schema      # loanlens-api/steps/loanlens-api.steps.ts:15
    ✔ And the error code should be "VALIDATION_ERROR"       # framework/steps/common-api.steps.ts:35
    ✔ And the error should report "city" as "invalid_value" # framework/steps/common-api.steps.ts:40

  @api-app @api
  Scenario Outline: Invalid parameter - double minus in sort # loanlens-api/features/list-loans.feature:102

  @api-app @api
  Scenario Outline: Invalid parameter - min amount above max                # loanlens-api/features/list-loans.feature:106
    ✔ Given the LoanLens API is up                             # loanlens-api/steps/loanlens-api.steps.ts:50
    ✔ Given the LoanLens API is up                           # loanlens-api/steps/loanlens-api.steps.ts:50

          GET http://localhost:5056/api/loans?sort=interest -> 400 Bad Request (1 ms)
          {"error":{"code":"VALIDATION_ERROR","message":"One or more query parameters are invalid","details":[{"param":"sort","issue":"invalid_value","message":"\"sort\" must be one of amount, rate, tenureMonths, disbursedOn, borrower, emi (prefix with - for descending)","received":"interest"}]}}

    ✔ When I send a GET request to "/loans?sort=interest"      # loanlens-api/steps/loanlens-api.steps.ts:55
    ✔ Then the response status should be 400                   # framework/steps/common-api.steps.ts:24
    ✔ And the response should match the "error" schema         # loanlens-api/steps/loanlens-api.steps.ts:15

          GET http://localhost:5056/api/loans?sort=--amount -> 400 Bad Request (1 ms)
          {"error":{"code":"VALIDATION_ERROR","message":"One or more query parameters are invalid","details":[{"param":"sort","issue":"invalid_value","message":"\"sort\" must be one of amount, rate, tenureMonths, disbursedOn, borrower, emi (prefix with - for descending)","received":"--amount"}]}}

    ✔ When I send a GET request to "/loans?sort=--amount"    # loanlens-api/steps/loanlens-api.steps.ts:55
    ✔ And the error code should be "VALIDATION_ERROR"          # framework/steps/common-api.steps.ts:35
    ✔ And the error should report "sort" as "invalid_value"    # framework/steps/common-api.steps.ts:40
    ✔ Then the response status should be 400                 # framework/steps/common-api.steps.ts:24
    ✔ And the response should match the "error" schema       # loanlens-api/steps/loanlens-api.steps.ts:15
    ✔ And the error code should be "VALIDATION_ERROR"        # framework/steps/common-api.steps.ts:35
    ✔ And the error should report "sort" as "invalid_value"  # framework/steps/common-api.steps.ts:40
    ✔ Given the LoanLens API is up                                          # loanlens-api/steps/loanlens-api.steps.ts:50

  @api-app @api
  Scenario Outline: Invalid parameter - min rate above max       # loanlens-api/features/list-loans.feature:107

  @api-app @api
  Scenario Outline: Invalid parameter - from date after to date                             # loanlens-api/features/list-loans.feature:108

          GET http://localhost:5056/api/loans?minAmount=5000000&maxAmount=100 -> 400 Bad Request (1 ms)
          {"error":{"code":"VALIDATION_ERROR","message":"One or more query parameters are invalid","details":[{"param":"minAmount","issue":"invalid_range","message":"\"minAmount\" (5000000) must not be greater than \"maxAmount\" (100)","received":5000000}]}}

    ✔ When I send a GET request to "/loans?minAmount=5000000&maxAmount=100" # loanlens-api/steps/loanlens-api.steps.ts:55
    ✔ Then the response status should be 400                                # framework/steps/common-api.steps.ts:24
    ✔ And the response should match the "error" schema                      # loanlens-api/steps/loanlens-api.steps.ts:15
    ✔ And the error code should be "VALIDATION_ERROR"                       # framework/steps/common-api.steps.ts:35
    ✔ And the error should report "minAmount" as "invalid_range"            # framework/steps/common-api.steps.ts:40
    ✔ Given the LoanLens API is up                               # loanlens-api/steps/loanlens-api.steps.ts:50
    ✔ Given the LoanLens API is up                                                          # loanlens-api/steps/loanlens-api.steps.ts:50

  @api-app @api
  Scenario Outline: Invalid parameter - unknown parameter         # loanlens-api/features/list-loans.feature:109

          GET http://localhost:5056/api/loans?minRate=12&maxRate=9 -> 400 Bad Request (1 ms)
          {"error":{"code":"VALIDATION_ERROR","message":"One or more query parameters are invalid","details":[{"param":"minRate","issue":"invalid_range","message":"\"minRate\" (12) must not be greater than \"maxRate\" (9)","received":12}]}}

    ✔ When I send a GET request to "/loans?minRate=12&maxRate=9" # loanlens-api/steps/loanlens-api.steps.ts:55
    ✔ Then the response status should be 400                     # framework/steps/common-api.steps.ts:24

          GET http://localhost:5056/api/loans?disbursedFrom=2025-01-01&disbursedTo=2024-01-01 -> 400 Bad Request (1 ms)
          {"error":{"code":"VALIDATION_ERROR","message":"One or more query parameters are invalid","details":[{"param":"disbursedFrom","issue":"invalid_range","message":"\"disbursedFrom\" (2025-01-01) must not be greater than \"disbursedTo\" (2024-01-01)","received":"2025-01-01"}]}}

    ✔ When I send a GET request to "/loans?disbursedFrom=2025-01-01&disbursedTo=2024-01-01" # loanlens-api/steps/loanlens-api.steps.ts:55
    ✔ Then the response status should be 400                                                # framework/steps/common-api.steps.ts:24
    ✔ And the response should match the "error" schema           # loanlens-api/steps/loanlens-api.steps.ts:15
    ✔ And the error code should be "VALIDATION_ERROR"            # framework/steps/common-api.steps.ts:35
    ✔ And the error should report "minRate" as "invalid_range"   # framework/steps/common-api.steps.ts:40
    ✔ And the response should match the "error" schema                                      # loanlens-api/steps/loanlens-api.steps.ts:15
    ✔ And the error code should be "VALIDATION_ERROR"                                       # framework/steps/common-api.steps.ts:35
    ✔ And the error should report "disbursedFrom" as "invalid_range"                        # framework/steps/common-api.steps.ts:40

  @api-app @api
  Scenario Outline: Invalid parameter - parameter in the wrong case # loanlens-api/features/list-loans.feature:110

  @api-app @api
  Scenario Outline: Invalid parameter - a built-in object name       # loanlens-api/features/list-loans.feature:111
    ✔ Given the LoanLens API is up                                # loanlens-api/steps/loanlens-api.steps.ts:50

          GET http://localhost:5056/api/loans?colour=red -> 400 Bad Request (1 ms)
          {"error":{"code":"VALIDATION_ERROR","message":"One or more query parameters are invalid","details":[{"param":"colour","issue":"unknown_parameter","message":"Unknown query parameter \"colour\". Allowed: type, status, city, minAmount, maxAmount, minRate, maxRate, disbursedFrom, disbursedTo, q, sort, page, pageSize"}]}}

    ✔ When I send a GET request to "/loans?colour=red"            # loanlens-api/steps/loanlens-api.steps.ts:55
    ✔ Then the response status should be 400                      # framework/steps/common-api.steps.ts:24
    ✔ Given the LoanLens API is up                                  # loanlens-api/steps/loanlens-api.steps.ts:50
    ✔ Given the LoanLens API is up                                   # loanlens-api/steps/loanlens-api.steps.ts:50
    ✔ And the response should match the "error" schema            # loanlens-api/steps/loanlens-api.steps.ts:15
    ✔ And the error code should be "VALIDATION_ERROR"             # framework/steps/common-api.steps.ts:35
    ✔ And the error should report "colour" as "unknown_parameter" # framework/steps/common-api.steps.ts:40

          GET http://localhost:5056/api/loans?pagesize=5 -> 400 Bad Request (1 ms)
          {"error":{"code":"VALIDATION_ERROR","message":"One or more query parameters are invalid","details":[{"param":"pagesize","issue":"unknown_parameter","message":"Unknown query parameter \"pagesize\". Allowed: type, status, city, minAmount, maxAmount, minRate, maxRate, disbursedFrom, disbursedTo, q, sort, page, pageSize"}]}}

    ✔ When I send a GET request to "/loans?pagesize=5"              # loanlens-api/steps/loanlens-api.steps.ts:55
    ✔ Then the response status should be 400                        # framework/steps/common-api.steps.ts:24

          GET http://localhost:5056/api/loans?__proto__=x -> 400 Bad Request (1 ms)
          {"error":{"code":"VALIDATION_ERROR","message":"One or more query parameters are invalid","details":[{"param":"__proto__","issue":"unknown_parameter","message":"Unknown query parameter \"__proto__\". Allowed: type, status, city, minAmount, maxAmount, minRate, maxRate, disbursedFrom, disbursedTo, q, sort, page, pageSize"}]}}

    ✔ When I send a GET request to "/loans?__proto__=x"              # loanlens-api/steps/loanlens-api.steps.ts:55

  @api-app @api
  Scenario: All problems in one request are reported together                       # loanlens-api/features/list-loans.feature:113
    ✔ And the response should match the "error" schema              # loanlens-api/steps/loanlens-api.steps.ts:15
    ✔ And the error code should be "VALIDATION_ERROR"               # framework/steps/common-api.steps.ts:35
    ✔ Then the response status should be 400                         # framework/steps/common-api.steps.ts:24
    ✔ And the error should report "pagesize" as "unknown_parameter" # framework/steps/common-api.steps.ts:40
    ✔ And the response should match the "error" schema               # loanlens-api/steps/loanlens-api.steps.ts:15
    ✔ And the error code should be "VALIDATION_ERROR"                # framework/steps/common-api.steps.ts:35
    ✔ And the error should report "__proto__" as "unknown_parameter" # framework/steps/common-api.steps.ts:40

Feature: LoanLens API - single loan (GET /api/loans/{id})

  @api-app @api
  Scenario Outline: Well-formed id that does not exist # loanlens-api/features/loan-by-id.feature:22

  @api-app @api
  Scenario: An existing loan is returned exactly as stored         # loanlens-api/features/loan-by-id.feature:7
    ✔ Given the LoanLens API is up                                                  # loanlens-api/steps/loanlens-api.steps.ts:50
    ✔ Given the LoanLens API is up                     # loanlens-api/steps/loanlens-api.steps.ts:50

          GET http://localhost:5056/api/loans?page=0&pageSize=500&sort=foo&colour=red -> 400 Bad Request (1 ms)
          {"error":{"code":"VALIDATION_ERROR","message":"One or more query parameters are invalid","details":[{"param":"colour","issue":"unknown_parameter","message":"Unknown query parameter \"colour\". Allowed: type, status, city, minAmount, maxAmount, minRate, maxRate, disbursedFrom, disbursedTo, q, sort, page, pageSize"},{"param":"sort","issue":"invalid_value","message":"\"sort\" must be one of amount, rate, tenureMonths, disbursedOn, borrower, emi (prefix with - for descending)","received":"foo"},{"param":"page","issue":"out_of_range","message":"\"page\" must be between 1 and 10000","received":0},{"

    ✔ When I send a GET request to "/loans?page=0&pageSize=500&sort=foo&colour=red" # loanlens-api/steps/loanlens-api.steps.ts:55
    ✔ Then the response status should be 400                                        # framework/steps/common-api.steps.ts:24
    ✔ Given the LoanLens API is up                                 # loanlens-api/steps/loanlens-api.steps.ts:50
    ✔ And the response should match the "error" schema                              # loanlens-api/steps/loanlens-api.steps.ts:15
    ✔ And the error details should name 4 problems                                  # loanlens-api/steps/loanlens-api.steps.ts:259

          GET http://localhost:5056/api/loans/LN-9999 -> 404 Not Found (1 ms)
          {"error":{"code":"LOAN_NOT_FOUND","message":"No loan with id LN-9999"}}

    ✔ When I send a GET request to "/loans/LN-9999"    # loanlens-api/steps/loanlens-api.steps.ts:55
    ✔ And the error should report "page" as "out_of_range"                          # framework/steps/common-api.steps.ts:40

          GET http://localhost:5056/api/loans/LN-1001 -> 200 OK (1 ms)
          {"data":{"id":"LN-1001","borrower":"Meera Verma","type":"car","amount":1560000,"rate":11.8,"tenureMonths":84,"disbursedOn":"2023-03-22","status":"active","city":"Hyderabad","emi":27371.69}}

    ✔ When I send a GET request to "/loans/LN-1001"                # loanlens-api/steps/loanlens-api.steps.ts:55
    ✔ Then the response status should be 200                       # framework/steps/common-api.steps.ts:24
    ✔ Then the response status should be 404           # framework/steps/common-api.steps.ts:24
    ✔ And the response should match the "error" schema # loanlens-api/steps/loanlens-api.steps.ts:15
    ✔ And the error code should be "LOAN_NOT_FOUND"    # framework/steps/common-api.steps.ts:35
    ✔ And the error should report "pageSize" as "out_of_range"                      # framework/steps/common-api.steps.ts:40
    ✔ And the error should report "sort" as "invalid_value"                         # framework/steps/common-api.steps.ts:40
    ✔ And the error should report "colour" as "unknown_parameter"                   # framework/steps/common-api.steps.ts:40
    ✔ And the response should match the "loan" schema              # loanlens-api/steps/loanlens-api.steps.ts:15

  @api-app @api
  Scenario Outline: Too many digits                    # loanlens-api/features/loan-by-id.feature:24

  @api-app @api
  Scenario Outline: Lower-case prefix                  # loanlens-api/features/loan-by-id.feature:23
    ✔ And the loan should equal record "LN-1001" of the loan book  # loanlens-api/steps/loanlens-api.steps.ts:100
    ✔ And the response header "Cache-Control" should be "no-store" # framework/steps/common-api.steps.ts:57
    ✔ Given the LoanLens API is up                     # loanlens-api/steps/loanlens-api.steps.ts:50
    ✔ Given the LoanLens API is up                     # loanlens-api/steps/loanlens-api.steps.ts:50

  @api-app @api
  Scenario Outline: Query parameters are not accepted          # loanlens-api/features/loan-by-id.feature:25

          GET http://localhost:5056/api/loans/LN-10011 -> 400 Bad Request (1 ms)
          {"error":{"code":"INVALID_ID","message":"Loan id \"LN-10011\" is malformed; expected the form LN-1234"}}

    ✔ When I send a GET request to "/loans/LN-10011"   # loanlens-api/steps/loanlens-api.steps.ts:55
    ✔ Then the response status should be 400           # framework/steps/common-api.steps.ts:24

          GET http://localhost:5056/api/loans/ln-1001 -> 400 Bad Request (1 ms)
          {"error":{"code":"INVALID_ID","message":"Loan id \"ln-1001\" is malformed; expected the form LN-1234"}}

    ✔ When I send a GET request to "/loans/ln-1001"    # loanlens-api/steps/loanlens-api.steps.ts:55
    ✔ And the response should match the "error" schema # loanlens-api/steps/loanlens-api.steps.ts:15
    ✔ Then the response status should be 400           # framework/steps/common-api.steps.ts:24
    ✔ And the error code should be "INVALID_ID"        # framework/steps/common-api.steps.ts:35
    ✔ And the response should match the "error" schema # loanlens-api/steps/loanlens-api.steps.ts:15
    ✔ And the error code should be "INVALID_ID"        # framework/steps/common-api.steps.ts:35

Feature: LoanLens API - service basics

  @api-app @api
  Scenario: Health check reports the service is up                # loanlens-api/features/service.feature:6
    ✔ Given the LoanLens API is up                             # loanlens-api/steps/loanlens-api.steps.ts:50

  @api-app @api
  Scenario: The filter vocabulary lists every loan type, status and city in the loan book         # loanlens-api/features/service.feature:14

          GET http://localhost:5056/api/loans/LN-1001?expand=all -> 400 Bad Request (1 ms)
          {"error":{"code":"VALIDATION_ERROR","message":"One or more query parameters are invalid","details":[{"param":"expand","issue":"unknown_parameter","message":"Unknown query parameter \"expand\". Allowed: "}]}}

    ✔ When I send a GET request to "/loans/LN-1001?expand=all" # loanlens-api/steps/loanlens-api.steps.ts:55
    ✔ Then the response status should be 400                   # framework/steps/common-api.steps.ts:24
    ✔ And the response should match the "error" schema         # loanlens-api/steps/loanlens-api.steps.ts:15
    ✔ And the error code should be "VALIDATION_ERROR"          # framework/steps/common-api.steps.ts:35

  @api-app @api
  Scenario: An unknown route returns a JSON 404, not an HTML page # loanlens-api/features/service.feature:20

          GET http://localhost:5056/api/meta -> 200 OK (1 ms)
          {"data":{"loanTypes":["home","personal","car","education"],"statuses":["active","closed","overdue","pending"],"cities":["Bengaluru","Chennai","Delhi","Hyderabad","Jaipur","Kolkata","Mumbai","Pune"]}}

    ✔ When I send a GET request to "/meta"                                                        # loanlens-api/steps/loanlens-api.steps.ts:55
    ✔ Then the response status should be 200                                                      # framework/steps/common-api.steps.ts:24

          GET http://localhost:5056/api/health -> 200 OK (1 ms)
          {"status":"ok"}

    ✔ When I send a GET request to "/health"                      # loanlens-api/steps/loanlens-api.steps.ts:55
    ✔ Then the response status should be 200                      # framework/steps/common-api.steps.ts:24
    ✔ And the response should match the "meta" schema                                             # loanlens-api/steps/loanlens-api.steps.ts:15
    ✔ And the response should be JSON                             # framework/steps/common-api.steps.ts:29
    ✔ And the response should match the "health" schema           # loanlens-api/steps/loanlens-api.steps.ts:15
    ✔ And the vocabulary should list exactly the loan types, statuses and cities of the loan book # loanlens-api/steps/loanlens-api.steps.ts:108
    ✔ And the response should not carry the header "X-Powered-By" # framework/steps/common-api.steps.ts:62

  @api-app @api
  Scenario: A write method is refused with 405 and an Allow header # loanlens-api/features/service.feature:27

          GET http://localhost:5056/api/does-not-exist -> 404 Not Found (1 ms)
          {"error":{"code":"ROUTE_NOT_FOUND","message":"No route for GET /does-not-exist"}}

    ✔ When I send a GET request to "/does-not-exist"              # loanlens-api/steps/loanlens-api.steps.ts:55
    ✔ Then the response status should be 404                      # framework/steps/common-api.steps.ts:24

  @api-app @api @security
  Scenario: An error that repeats the caller's input is served as JSON the browser may not reinterpret # loanlens-api/features/service.feature:35
    ✔ And the response should match the "error" schema            # loanlens-api/steps/loanlens-api.steps.ts:15
    ✔ And the error code should be "ROUTE_NOT_FOUND"              # framework/steps/common-api.steps.ts:35

  @api-app @api @security
  Scenario: A page on another site is not given read access to the API                # loanlens-api/features/service.feature:42

          POST http://localhost:5056/api/loans -> 405 Method Not Allowed (1 ms)
          {"error":{"code":"METHOD_NOT_ALLOWED","message":"POST is not supported; use GET"}}

    ✔ When I send a POST request to "/loans"                       # loanlens-api/steps/loanlens-api.steps.ts:55
    ✔ Then the response status should be 405                       # framework/steps/common-api.steps.ts:24

          GET http://localhost:5056/api/loans/LN-1%3Cscript%3E -> 400 Bad Request (1 ms)
          {"error":{"code":"INVALID_ID","message":"Loan id \"LN-1<script>\" is malformed; expected the form LN-1234"}}

    ✔ When I send a GET request to "/loans/LN-1%3Cscript%3E"                                           # loanlens-api/steps/loanlens-api.steps.ts:55
    ✔ Then the response status should be 400                                                           # framework/steps/common-api.steps.ts:24
    ✔ And the response header "Allow" should be "GET, HEAD"        # framework/steps/common-api.steps.ts:57
    ✔ And the response should be JSON                                                                  # framework/steps/common-api.steps.ts:29
    ✔ And the response should match the "error" schema             # loanlens-api/steps/loanlens-api.steps.ts:15
    ✔ And the error code should be "METHOD_NOT_ALLOWED"            # framework/steps/common-api.steps.ts:35

  @api-app @api @security
  Scenario: A URL with broken percent-encoding is a client error, not a server failure # loanlens-api/features/service.feature:48
    ✔ And the response header "X-Content-Type-Options" should be "nosniff"                             # framework/steps/common-api.steps.ts:57

  @api-app @api @security
  Scenario: A request with 50 query parameters, the most allowed, is accepted          # loanlens-api/features/service.feature:57

          GET http://localhost:5056/api/loans -> 200 OK (1 ms)
          {"data":[{"id":"LN-1075","borrower":"Karan Joshi","type":"education","amount":2200000,"rate":12.7,"tenureMonths":84,"disbursedOn":"2025-09-24","status":"active","city":"Hyderabad","emi":39664.38},{"id":"LN-1045","borrower":"Kabir Malhotra","type":"personal","amount":1570000,"rate":17.1,"tenureMonths":12,"disbursedOn":"2025-09-21","status":"pending","city":"Delhi","emi":143265.98},{"id":"LN-1117","borrower":"Pooja Chopra","type":"car","amount":1630000,"rate":9.4,"tenureMonths":84,"disbursedOn":"2025-09-13","status":"active","city":"Mumbai","emi":26557.29},{"id":"LN-1047","borrower":"Ishaan Pill

    ✔ When I send a GET request to "/loans" from a page on "https://attacker.example" # loanlens-api/steps/loanlens-api.steps.ts:66
    ✔ Then the response status should be 200                                          # framework/steps/common-api.steps.ts:24
    ✔ And the response should not carry the header "Access-Control-Allow-Origin"      # framework/steps/common-api.steps.ts:62

          GET http://localhost:5056/api/loans/%E0%A4%A -> 400 Bad Request (1 ms)
          {"error":{"code":"MALFORMED_URL","message":"The URL is not valid percent-encoding"}}

    ✔ When I send a GET request to "/loans/%E0%A4%A"                                   # loanlens-api/steps/loanlens-api.steps.ts:55
    ✔ Then the response status should be 400                                           # framework/steps/common-api.steps.ts:24

  @api-app @api @security
  Scenario: A request with 51 query parameters is refused                              # loanlens-api/features/service.feature:62
    ✔ And the response should match the "error" schema                                 # loanlens-api/steps/loanlens-api.steps.ts:15
    ✔ And the error code should be "MALFORMED_URL"                                     # framework/steps/common-api.steps.ts:35

Feature: LoanLens API - portfolio summary (GET /api/loans/summary)

  @api-app @api
  Scenario Outline: Summary for the whole book matches the loan book # loanlens-api/features/summary.feature:19

          GET http://localhost:5056/api/loans/summary?type=home&type=home&type=home&type=home&type=home&type=home&type=home&type=home&type=home&type=home&type=home&type=home&type=home&type=home&type=home&type=home&type=home&type=home&type=home&type=home&type=home&type=home&type=home&type=home&type=home&type=home&type=home&type=home&type=home&type=home&type=home&type=home&type=home&type=home&type=home&type=home&type=home&type=home&type=home&type=home&type=home&type=home&type=home&type=home&type=home&type=home&type=home&type=home&type=home&type=home -> 200 OK (1 ms)
          {"data":{"count":39,"totalPrincipal":260500000,"weightedAverageRate":8.76,"monthlyEmiInflow":1704427.02,"byType":[{"type":"home","count":39,"principal":260500000},{"type":"personal","count":0,"principal":0},{"type":"car","count":0,"principal":0},{"type":"education","count":0,"principal":0}],"byStatus":[{"status":"active","count":25,"principal":166400000},{"status":"closed","count":7,"principal":39800000},{"status":"overdue","count":3,"principal":17800000},{"status":"pending","count":4,"principal":36500000}]},"meta":{"filters":{"type":["home"]}}}

    ✔ When I send a GET request to "/loans/summary" with "type=home" repeated 50 times # loanlens-api/steps/loanlens-api.steps.ts:61
    ✔ Then the response status should be 200                                           # framework/steps/common-api.steps.ts:24

  @api-app @api
  Scenario Outline: Summary for two statuses matches the loan book         # loanlens-api/features/summary.feature:20

          GET http://localhost:5056/api/loans/summary?type=home&type=home&type=home&type=home&type=home&type=home&type=home&type=home&type=home&type=home&type=home&type=home&type=home&type=home&type=home&type=home&type=home&type=home&type=home&type=home&type=home&type=home&type=home&type=home&type=home&type=home&type=home&type=home&type=home&type=home&type=home&type=home&type=home&type=home&type=home&type=home&type=home&type=home&type=home&type=home&type=home&type=home&type=home&type=home&type=home&type=home&type=home&type=home&type=home&type=home&type=home -> 400 Bad Request (1 ms)
          {"error":{"code":"TOO_MANY_PARAMETERS","message":"At most 50 query parameters are accepted (got 51)"}}

    ✔ When I send a GET request to "/loans/summary" with "type=home" repeated 51 times # loanlens-api/steps/loanlens-api.steps.ts:61
    ✔ Then the response status should be 400                                           # framework/steps/common-api.steps.ts:24
    ✔ Given the LoanLens API is up                                   # loanlens-api/steps/loanlens-api.steps.ts:50
    ✔ And the response should match the "error" schema                                 # loanlens-api/steps/loanlens-api.steps.ts:15
    ✔ And the error code should be "TOO_MANY_PARAMETERS"                               # framework/steps/common-api.steps.ts:35

  @api-app @api
  Scenario Outline: Summary for a filter that matches nothing matches the loan book           # loanlens-api/features/summary.feature:21
    ✔ Given the LoanLens API is up                                         # loanlens-api/steps/loanlens-api.steps.ts:50

          GET http://localhost:5056/api/loans/summary -> 200 OK (1 ms)
          {"data":{"count":120,"totalPrincipal":368070000,"weightedAverageRate":9.86,"monthlyEmiInflow":3872687.92,"byType":[{"type":"home","count":39,"principal":260500000},{"type":"personal","count":49,"principal":63440000},{"type":"car","count":27,"principal":33180000},{"type":"education","count":5,"principal":10950000}],"byStatus":[{"status":"active","count":74,"principal":229460000},{"status":"closed","count":31,"principal":74640000},{"status":"overdue","count":7,"principal":21370000},{"status":"pending","count":8,"principal":42600000}]},"meta":{"filters":{}}}

    ✔ When I send a GET request to "/loans/summary"                  # loanlens-api/steps/loanlens-api.steps.ts:55
    ✔ Then the response status should be 200                         # framework/steps/common-api.steps.ts:24

          GET http://localhost:5056/api/loans/summary?status=overdue,pending -> 200 OK (1 ms)
          {"data":{"count":15,"totalPrincipal":63970000,"weightedAverageRate":9.41,"monthlyEmiInflow":303482.96,"byType":[{"type":"home","count":7,"principal":54300000},{"type":"personal","count":7,"principal":9250000},{"type":"car","count":1,"principal":420000},{"type":"education","count":0,"principal":0}],"byStatus":[{"status":"active","count":0,"principal":0},{"status":"closed","count":0,"principal":0},{"status":"overdue","count":7,"principal":21370000},{"status":"pending","count":8,"principal":42600000}]},"meta":{"filters":{"status":["overdue","pending"]}}}

    ✔ When I send a GET request to "/loans/summary?status=overdue,pending" # loanlens-api/steps/loanlens-api.steps.ts:55
    ✔ And the response should match the "loan summary" schema        # loanlens-api/steps/loanlens-api.steps.ts:15
    ✔ Then the response status should be 200                               # framework/steps/common-api.steps.ts:24
    ✔ Given the LoanLens API is up                                                            # loanlens-api/steps/loanlens-api.steps.ts:50
    ✔ And the response should match the "loan summary" schema              # loanlens-api/steps/loanlens-api.steps.ts:15

          GET http://localhost:5056/api/loans/summary?type=education&city=Jaipur&status=pending -> 200 OK (1 ms)
          {"data":{"count":0,"totalPrincipal":0,"weightedAverageRate":0,"monthlyEmiInflow":0,"byType":[{"type":"home","count":0,"principal":0},{"type":"personal","count":0,"principal":0},{"type":"car","count":0,"principal":0},{"type":"education","count":0,"principal":0}],"byStatus":[{"status":"active","count":0,"principal":0},{"status":"closed","count":0,"principal":0},{"status":"overdue","count":0,"principal":0},{"status":"pending","count":0,"principal":0}]},"meta":{"filters":{"type":["education"],"status":["pending"],"city":["Jaipur"]}}}

    ✔ When I send a GET request to "/loans/summary?type=education&city=Jaipur&status=pending" # loanlens-api/steps/loanlens-api.steps.ts:55
    ✔ Then the response status should be 200                                                  # framework/steps/common-api.steps.ts:24

          Oracle summary
          {
            "count": 120,
            "totalPrincipal": 368070000,
            "weightedAverageRate": 9.862141712174315,
            "monthlyEmiInflow": 3872687.9199999995,
            "byType": {
              "home": {
                "count": 39,
                "principal": 260500000
              },
              "personal": {
                "count": 49,
                "principal": 63440000
              },
              "car": {
                "count": 27,
                "principal": 33180000
              },
              "education": {
                "count": 5,
                "principal": 10950000
              }
            },
            "byStatus": {
              "active": {
                "count": 74,
                "principal": 229460000
              },
              "closed": {
                "count": 31,
                "principal": 74640000
              },
              "overdue": {
                "count": 7,
                "principal": 21370000
              },
              "pending": {
                "count": 8,
                "principal": 42600000
              }
            }
          }

    ✔ And the summary should match the loan book for that query      # loanlens-api/steps/loanlens-api.steps.ts:116
    ✔ And the response should match the "loan summary" schema                                 # loanlens-api/steps/loanlens-api.steps.ts:15
    ✔ And the type breakdown should add up to the totals             # loanlens-api/steps/loanlens-api.steps.ts:135

          Oracle summary
          {
            "count": 15,
            "totalPrincipal": 63970000,
            "weightedAverageRate": 9.4065343129592,
            "monthlyEmiInflow": 303482.96,
            "byType": {
              "home": {
                "count": 7,
                "principal": 54300000
              },
              "personal": {
                "count": 7,
                "principal": 9250000
              },
              "car": {
                "count": 1,
                "principal": 420000
              },
              "education": {
                "count": 0,
                "principal": 0
              }
            },
            "byStatus": {
              "active": {
                "count": 0,
                "principal": 0
              },
              "closed": {
                "count": 0,
                "principal": 0
              },
              "overdue": {
                "count": 7,
                "principal": 21370000
              },
              "pending": {
                "count": 8,
                "principal": 42600000
              }
            }
          }

    ✔ And the summary should match the loan book for that query            # loanlens-api/steps/loanlens-api.steps.ts:116
    ✔ And the status breakdown should add up to the totals           # loanlens-api/steps/loanlens-api.steps.ts:135
    ✔ And the type breakdown should add up to the totals                   # loanlens-api/steps/loanlens-api.steps.ts:135
    ✔ And the status breakdown should add up to the totals                 # loanlens-api/steps/loanlens-api.steps.ts:135

  @api-app @api
  Scenario: Summary rejects the list's paging parameters        # loanlens-api/features/summary.feature:25

          Oracle summary
          {
            "count": 0,
            "totalPrincipal": 0,
            "weightedAverageRate": 0,
            "monthlyEmiInflow": 0,
            "byType": {
              "home": {
                "count": 0,
                "principal": 0
              },
              "personal": {
                "count": 0,
                "principal": 0
              },
              "car": {
                "count": 0,
                "principal": 0
              },
              "education": {
                "count": 0,
                "principal": 0
              }
            },
            "byStatus": {
              "active": {
                "count": 0,
                "principal": 0
              },
              "closed": {
                "count": 0,
                "principal": 0
              },
              "overdue": {
                "count": 0,
                "principal": 0
              },
              "pending": {
                "count": 0,
                "principal": 0
              }
            }
          }

    ✔ And the summary should match the loan book for that query                               # loanlens-api/steps/loanlens-api.steps.ts:116
    ✔ And the type breakdown should add up to the totals                                      # loanlens-api/steps/loanlens-api.steps.ts:135
    ✔ And the status breakdown should add up to the totals                                    # loanlens-api/steps/loanlens-api.steps.ts:135
    ✔ Given the LoanLens API is up                              # loanlens-api/steps/loanlens-api.steps.ts:50

          GET http://localhost:5056/api/loans/summary?page=2 -> 400 Bad Request (1 ms)
          {"error":{"code":"VALIDATION_ERROR","message":"One or more query parameters are invalid","details":[{"param":"page","issue":"unknown_parameter","message":"Unknown query parameter \"page\". Allowed: type, status, city, minAmount, maxAmount, minRate, maxRate, disbursedFrom, disbursedTo, q"}]}}

    ✔ When I send a GET request to "/loans/summary?page=2"      # loanlens-api/steps/loanlens-api.steps.ts:55
    ✔ Then the response status should be 400                    # framework/steps/common-api.steps.ts:24
    ✔ And the response should match the "error" schema          # loanlens-api/steps/loanlens-api.steps.ts:15
    ✔ And the error should report "page" as "unknown_parameter" # framework/steps/common-api.steps.ts:40

          200 loans drawn with seed 20261007. First three:
          http://localhost:5056/api/emi?principal=1807.94&rate=13.1&tenure=38.5&tenureUnit=years&startMonth=2024-03
          http://localhost:5056/api/emi?principal=1683.8&rate=6.32&tenure=388&tenureUnit=months&startMonth=2023-03
          http://localhost:5056/api/emi?principal=292052.33&rate=11.82&tenure=470&tenureUnit=months&startMonth=2034-04

    ✔ When I request the EMI for 200 random valid loans drawn with seed 20261007        # loanlens-api/steps/loanlens-api.steps.ts:233
    ✔ Then every answer should match my own EMI, totals and calendar-year schedule      # loanlens-api/steps/loanlens-api.steps.ts:245

8 hooks (8 passed)
106 scenarios (106 passed)
1219 steps (1219 passed)
0m 1.999s (0m 2.082s executing your code)
